"id","age_months","age_years","age_years_cont","age_zscored","stim_set","highest_count","knower_level","knower_level_cp_subset","trial","magnitude","set_chosen","count","correction_after_prompt","final_count","set_asked","n_bunnies","n_lions","trial_ratio","correct_set_chosen","target_count","correct_count","correct_set_chosen_or_correct_count","correct_count_when_correct_set_chosen","count_error","correct_count_approx"
"af54f3eb-c1b1-47d1-84dd-0ec0fb39d1ca",31,2,2.60821917808219,-1.74037689140366,5,9,"2","subset",1,"small",NA,9,10,10,"lion",3,1,"1-3",0,1,0,0,0,9,0
"af54f3eb-c1b1-47d1-84dd-0ec0fb39d1ca",31,2,2.60821917808219,-1.74037689140366,5,9,"2","subset",2,"small",NA,8,NA,8,"lion",2,1,"1-2",0,1,0,0,0,7,0
"af54f3eb-c1b1-47d1-84dd-0ec0fb39d1ca",31,2,2.60821917808219,-1.74037689140366,5,9,"2","subset",3,"large",NA,8,NA,8,"bunny",7,6,"6-7",0,7,0,0,0,1,1
"af54f3eb-c1b1-47d1-84dd-0ec0fb39d1ca",31,2,2.60821917808219,-1.74037689140366,5,9,"2","subset",4,"small",NA,7,9,9,"lion",2,3,"2-3",0,3,0,0,0,6,0
"af54f3eb-c1b1-47d1-84dd-0ec0fb39d1ca",31,2,2.60821917808219,-1.74037689140366,5,9,"2","subset",5,"large",NA,9,NA,9,"bunny",5,8,"5-8",0,5,0,0,0,4,0
"af54f3eb-c1b1-47d1-84dd-0ec0fb39d1ca",31,2,2.60821917808219,-1.74037689140366,5,9,"2","subset",6,"large",NA,8,NA,8,"bunny",7,5,"5-7",0,7,0,0,0,1,1
"fa41bf98-202b-40dd-8bad-adc724502329",44,3,3.68767123287671,-0.516662257312393,3,11,"CP","CP",1,"small",NA,4,NA,4,"lion",2,3,"2-3",0,3,0,0,0,1,1
"fa41bf98-202b-40dd-8bad-adc724502329",44,3,3.68767123287671,-0.516662257312393,3,11,"CP","CP",2,"small","lion",3,NA,3,"bunny",1,3,"1-3",0,1,0,0,0,2,0
"fa41bf98-202b-40dd-8bad-adc724502329",44,3,3.68767123287671,-0.516662257312393,3,11,"CP","CP",3,"large","lion",7,NA,7,"lion",5,7,"5-7",1,7,1,1,1,0,1
"fa41bf98-202b-40dd-8bad-adc724502329",44,3,3.68767123287671,-0.516662257312393,3,11,"CP","CP",4,"large","bunny",8,NA,8,"bunny",8,5,"5-8",1,8,1,1,1,0,1
"fa41bf98-202b-40dd-8bad-adc724502329",44,3,3.68767123287671,-0.516662257312393,3,11,"CP","CP",5,"small","lion",1,NA,1,"lion",2,1,"1-2",1,1,1,1,1,0,1
"fa41bf98-202b-40dd-8bad-adc724502329",44,3,3.68767123287671,-0.516662257312393,3,11,"CP","CP",6,"large","bunny",6,NA,6,"bunny",6,7,"6-7",1,6,1,1,1,0,1
"75bfdd2e-af4d-4f13-b37c-fef64faa87d8",56,4,4.74520547945205,0.682205379132355,4,10,"CP","CP",1,"large","bunny",5,NA,5,"bunny",5,8,"5-8",1,5,1,1,1,0,1
"75bfdd2e-af4d-4f13-b37c-fef64faa87d8",56,4,4.74520547945205,0.682205379132355,4,10,"CP","CP",2,"large","lion",7,NA,7,"lion",6,7,"6-7",1,7,1,1,1,0,1
"75bfdd2e-af4d-4f13-b37c-fef64faa87d8",56,4,4.74520547945205,0.682205379132355,4,10,"CP","CP",3,"small","lion",2,NA,2,"lion",1,2,"1-2",1,2,1,1,1,0,1
"75bfdd2e-af4d-4f13-b37c-fef64faa87d8",56,4,4.74520547945205,0.682205379132355,4,10,"CP","CP",4,"large","bunny",7,NA,7,"bunny",7,5,"5-7",1,7,1,1,1,0,1
"75bfdd2e-af4d-4f13-b37c-fef64faa87d8",56,4,4.74520547945205,0.682205379132355,4,10,"CP","CP",5,"small","lion",2,NA,2,"lion",3,2,"2-3",1,2,1,1,1,0,1
"75bfdd2e-af4d-4f13-b37c-fef64faa87d8",56,4,4.74520547945205,0.682205379132355,4,10,"CP","CP",6,"small","bunny",3,NA,3,"bunny",3,1,"1-3",1,3,1,1,1,0,1
"7983efa9-118e-4023-b8c2-1210a38a3e65",53,4,4.4958904109589,0.399570780903153,1,14,"CP","CP",1,"small","lion",4,1,1,"lion",3,1,"1-3",1,1,1,1,1,0,1
"7983efa9-118e-4023-b8c2-1210a38a3e65",53,4,4.4958904109589,0.399570780903153,1,14,"CP","CP",2,"large",NA,10,NA,10,"lion",5,7,"5-7",0,7,0,0,0,3,0
"7983efa9-118e-4023-b8c2-1210a38a3e65",53,4,4.4958904109589,0.399570780903153,1,14,"CP","CP",3,"large",NA,10,NA,10,"bunny",6,7,"6-7",0,6,0,0,0,4,0
"7983efa9-118e-4023-b8c2-1210a38a3e65",53,4,4.4958904109589,0.399570780903153,1,14,"CP","CP",4,"small",NA,2,NA,2,"bunny",2,3,"2-3",0,2,1,1,0,0,1
"7983efa9-118e-4023-b8c2-1210a38a3e65",53,4,4.4958904109589,0.399570780903153,1,14,"CP","CP",5,"small",NA,2,NA,2,"lion",1,2,"1-2",0,2,1,1,0,0,1
"7983efa9-118e-4023-b8c2-1210a38a3e65",53,4,4.4958904109589,0.399570780903153,1,14,"CP","CP",6,"large","bunny",9,NA,9,"bunny",8,5,"5-8",1,8,0,1,0,1,1
"3e78d947-74ff-4d41-9ebe-b6211688053a",58,4,4.84931506849315,0.800228617953341,6,12,"CP","CP",1,"large","lion",5,NA,5,"lion",8,5,"5-8",1,5,1,1,1,0,1
"3e78d947-74ff-4d41-9ebe-b6211688053a",58,4,4.84931506849315,0.800228617953341,6,12,"CP","CP",2,"small","lion",2,NA,2,"lion",1,2,"1-2",1,2,1,1,1,0,1
"3e78d947-74ff-4d41-9ebe-b6211688053a",58,4,4.84931506849315,0.800228617953341,6,12,"CP","CP",3,"small","bunny",3,NA,3,"bunny",3,1,"1-3",1,3,1,1,1,0,1
"3e78d947-74ff-4d41-9ebe-b6211688053a",58,4,4.84931506849315,0.800228617953341,6,12,"CP","CP",4,"large","bunny",6,NA,6,"bunny",6,7,"6-7",1,6,1,1,1,0,1
"3e78d947-74ff-4d41-9ebe-b6211688053a",58,4,4.84931506849315,0.800228617953341,6,12,"CP","CP",5,"small","lion",2,NA,2,"lion",3,2,"2-3",1,2,1,1,1,0,1
"3e78d947-74ff-4d41-9ebe-b6211688053a",58,4,4.84931506849315,0.800228617953341,6,12,"CP","CP",6,"large","bunny",6,NA,6,"bunny",7,5,"5-7",1,7,0,1,0,-1,1
"70640b28-0df4-4536-9f19-ea3aab710031",57,4,4.83287671232877,0.781593369718449,3,12,"CP","CP",1,"small","lion",3,NA,3,"lion",2,3,"2-3",1,3,1,1,1,0,1
"70640b28-0df4-4536-9f19-ea3aab710031",57,4,4.83287671232877,0.781593369718449,3,12,"CP","CP",2,"small","bunny",1,NA,1,"bunny",1,3,"1-3",1,1,1,1,1,0,1
"70640b28-0df4-4536-9f19-ea3aab710031",57,4,4.83287671232877,0.781593369718449,3,12,"CP","CP",3,"large","lion",7,NA,7,"lion",5,7,"5-7",1,7,1,1,1,0,1
"70640b28-0df4-4536-9f19-ea3aab710031",57,4,4.83287671232877,0.781593369718449,3,12,"CP","CP",4,"large","bunny",8,NA,8,"bunny",8,5,"5-8",1,8,1,1,1,0,1
"70640b28-0df4-4536-9f19-ea3aab710031",57,4,4.83287671232877,0.781593369718449,3,12,"CP","CP",5,"small","lion",1,NA,1,"lion",2,1,"1-2",1,1,1,1,1,0,1
"70640b28-0df4-4536-9f19-ea3aab710031",57,4,4.83287671232877,0.781593369718449,3,12,"CP","CP",6,"large","bunny",6,NA,6,"bunny",6,7,"6-7",1,6,1,1,1,0,1
"4ed1e283-ca25-4e7c-8e6d-cbd621254b52",37,3,3.11232876712329,-1.16889594553363,1,1,"2","subset",1,"small",NA,4,NA,4,"lion",3,1,"1-3",0,1,0,0,0,3,0
"4ed1e283-ca25-4e7c-8e6d-cbd621254b52",37,3,3.11232876712329,-1.16889594553363,1,1,"2","subset",2,"large",NA,4,NA,4,"lion",5,7,"5-7",0,7,0,0,0,-3,0
"4ed1e283-ca25-4e7c-8e6d-cbd621254b52",37,3,3.11232876712329,-1.16889594553363,1,1,"2","subset",3,"large",NA,4,NA,4,"bunny",6,7,"6-7",0,6,0,0,0,-2,0
"4ed1e283-ca25-4e7c-8e6d-cbd621254b52",37,3,3.11232876712329,-1.16889594553363,1,1,"2","subset",4,"small",NA,4,NA,4,"bunny",2,3,"2-3",0,2,0,0,0,2,0
"4ed1e283-ca25-4e7c-8e6d-cbd621254b52",37,3,3.11232876712329,-1.16889594553363,1,1,"2","subset",5,"small",NA,4,NA,4,"lion",1,2,"1-2",0,2,0,0,0,2,0
"4ed1e283-ca25-4e7c-8e6d-cbd621254b52",37,3,3.11232876712329,-1.16889594553363,1,1,"2","subset",6,"large",NA,4,NA,4,"bunny",8,5,"5-8",0,8,0,0,0,-4,0
"df7e2bf8-f458-4ec4-b59a-a357af0cf7c3",58,4,4.85205479452055,0.803334492659156,5,28,"CP","CP",1,"small","lion",1,NA,1,"lion",3,1,"1-3",1,1,1,1,1,0,1
"df7e2bf8-f458-4ec4-b59a-a357af0cf7c3",58,4,4.85205479452055,0.803334492659156,5,28,"CP","CP",2,"small","lion",1,NA,1,"lion",2,1,"1-2",1,1,1,1,1,0,1
"df7e2bf8-f458-4ec4-b59a-a357af0cf7c3",58,4,4.85205479452055,0.803334492659156,5,28,"CP","CP",3,"large","bunny",7,NA,7,"bunny",7,6,"6-7",1,7,1,1,1,0,1
"df7e2bf8-f458-4ec4-b59a-a357af0cf7c3",58,4,4.85205479452055,0.803334492659156,5,28,"CP","CP",4,"small","lion",3,NA,3,"lion",2,3,"2-3",1,3,1,1,1,0,1
"df7e2bf8-f458-4ec4-b59a-a357af0cf7c3",58,4,4.85205479452055,0.803334492659156,5,28,"CP","CP",5,"large","bunny",5,NA,5,"bunny",5,8,"5-8",1,5,1,1,1,0,1
"df7e2bf8-f458-4ec4-b59a-a357af0cf7c3",58,4,4.85205479452055,0.803334492659156,5,28,"CP","CP",6,"large","lion",4,NA,4,"bunny",7,5,"5-7",0,7,0,0,0,-3,0
"2085472d-5633-4a1f-9bbf-4e4933f705a7",58,4,4.86027397260274,0.812652116776603,1,12,"CP","CP",1,"small","lion",1,NA,1,"lion",3,1,"1-3",1,1,1,1,1,0,1
"2085472d-5633-4a1f-9bbf-4e4933f705a7",58,4,4.86027397260274,0.812652116776603,1,12,"CP","CP",2,"large","lion",7,NA,7,"lion",5,7,"5-7",1,7,1,1,1,0,1
"2085472d-5633-4a1f-9bbf-4e4933f705a7",58,4,4.86027397260274,0.812652116776603,1,12,"CP","CP",3,"large","bunny",6,NA,6,"bunny",6,7,"6-7",1,6,1,1,1,0,1
"2085472d-5633-4a1f-9bbf-4e4933f705a7",58,4,4.86027397260274,0.812652116776603,1,12,"CP","CP",4,"small","bunny",2,NA,2,"bunny",2,3,"2-3",1,2,1,1,1,0,1
"2085472d-5633-4a1f-9bbf-4e4933f705a7",58,4,4.86027397260274,0.812652116776603,1,12,"CP","CP",5,"small","lion",2,NA,2,"lion",1,2,"1-2",1,2,1,1,1,0,1
"2085472d-5633-4a1f-9bbf-4e4933f705a7",58,4,4.86027397260274,0.812652116776603,1,12,"CP","CP",6,"large","bunny",8,NA,8,"bunny",8,5,"5-8",1,8,1,1,1,0,1
"a9b502fc-d18a-4911-9e40-632750c1d5c9",60,5,5.01643835616438,0.98968697500808,5,29,"CP","CP",1,"small","lion",1,NA,1,"lion",3,1,"1-3",1,1,1,1,1,0,1
"a9b502fc-d18a-4911-9e40-632750c1d5c9",60,5,5.01643835616438,0.98968697500808,5,29,"CP","CP",2,"small","lion",2,1,1,"lion",2,1,"1-2",1,1,1,1,1,0,1
"a9b502fc-d18a-4911-9e40-632750c1d5c9",60,5,5.01643835616438,0.98968697500808,5,29,"CP","CP",3,"large","bunny",7,NA,7,"bunny",7,6,"6-7",1,7,1,1,1,0,1
"a9b502fc-d18a-4911-9e40-632750c1d5c9",60,5,5.01643835616438,0.98968697500808,5,29,"CP","CP",4,"small","lion",3,NA,3,"lion",2,3,"2-3",1,3,1,1,1,0,1
"a9b502fc-d18a-4911-9e40-632750c1d5c9",60,5,5.01643835616438,0.98968697500808,5,29,"CP","CP",5,"large","bunny",5,NA,5,"bunny",5,8,"5-8",1,5,1,1,1,0,1
"a9b502fc-d18a-4911-9e40-632750c1d5c9",60,5,5.01643835616438,0.98968697500808,5,29,"CP","CP",6,"large","bunny",6,7,7,"bunny",7,5,"5-7",1,7,1,1,1,0,1
"96ba9a6d-ca58-4e3b-8d90-8e9e49ec4666",52,4,4.40547945205479,0.297076915611244,6,12,"CP","CP",1,"large","lion",5,NA,5,"lion",8,5,"5-8",1,5,1,1,1,0,1
"96ba9a6d-ca58-4e3b-8d90-8e9e49ec4666",52,4,4.40547945205479,0.297076915611244,6,12,"CP","CP",2,"small","lion",2,NA,2,"lion",1,2,"1-2",1,2,1,1,1,0,1
"96ba9a6d-ca58-4e3b-8d90-8e9e49ec4666",52,4,4.40547945205479,0.297076915611244,6,12,"CP","CP",3,"small","bunny",3,NA,3,"bunny",3,1,"1-3",1,3,1,1,1,0,1
"96ba9a6d-ca58-4e3b-8d90-8e9e49ec4666",52,4,4.40547945205479,0.297076915611244,6,12,"CP","CP",4,"large","bunny",6,NA,6,"bunny",6,7,"6-7",1,6,1,1,1,0,1
"96ba9a6d-ca58-4e3b-8d90-8e9e49ec4666",52,4,4.40547945205479,0.297076915611244,6,12,"CP","CP",5,"small","lion",2,NA,2,"lion",3,2,"2-3",1,2,1,1,1,0,1
"96ba9a6d-ca58-4e3b-8d90-8e9e49ec4666",52,4,4.40547945205479,0.297076915611244,6,12,"CP","CP",6,"large","bunny",7,NA,7,"bunny",7,5,"5-7",1,7,1,1,1,0,1
"6707a3a8-a4f4-4f06-8cf7-c01578cb505e",38,3,3.1972602739726,-1.07261382965335,5,10,"5","subset",1,"small",NA,3,NA,3,"lion",3,1,"1-3",0,1,0,0,0,2,0
"6707a3a8-a4f4-4f06-8cf7-c01578cb505e",38,3,3.1972602739726,-1.07261382965335,5,10,"5","subset",2,"small","lion",1,NA,1,"lion",2,1,"1-2",1,1,1,1,1,0,1
"6707a3a8-a4f4-4f06-8cf7-c01578cb505e",38,3,3.1972602739726,-1.07261382965335,5,10,"5","subset",3,"large","bunny",5,NA,5,"bunny",7,6,"6-7",1,7,0,1,0,-2,0
"6707a3a8-a4f4-4f06-8cf7-c01578cb505e",38,3,3.1972602739726,-1.07261382965335,5,10,"5","subset",4,"small","lion",3,NA,3,"lion",2,3,"2-3",1,3,1,1,1,0,1
"6707a3a8-a4f4-4f06-8cf7-c01578cb505e",38,3,3.1972602739726,-1.07261382965335,5,10,"5","subset",5,"large","bunny",4,5,5,"bunny",5,8,"5-8",1,5,1,1,1,0,1
"6707a3a8-a4f4-4f06-8cf7-c01578cb505e",38,3,3.1972602739726,-1.07261382965335,5,10,"5","subset",6,"large","bunny",7,NA,7,"bunny",7,5,"5-7",1,7,1,1,1,0,1
"276fa18a-8247-4f94-acc1-8580b680b1d1",36,3,3.0027397260274,-1.29313093376625,6,4,"2","subset",1,"large","lion",5,NA,5,"lion",8,5,"5-8",1,5,1,1,1,0,1
"276fa18a-8247-4f94-acc1-8580b680b1d1",36,3,3.0027397260274,-1.29313093376625,6,4,"2","subset",2,"small","lion",2,NA,2,"lion",1,2,"1-2",1,2,1,1,1,0,1
"276fa18a-8247-4f94-acc1-8580b680b1d1",36,3,3.0027397260274,-1.29313093376625,6,4,"2","subset",3,"small","bunny",3,NA,3,"bunny",3,1,"1-3",1,3,1,1,1,0,1
"276fa18a-8247-4f94-acc1-8580b680b1d1",36,3,3.0027397260274,-1.29313093376625,6,4,"2","subset",4,"large","bunny",4,NA,4,"bunny",6,7,"6-7",1,6,0,1,0,-2,0
"276fa18a-8247-4f94-acc1-8580b680b1d1",36,3,3.0027397260274,-1.29313093376625,6,4,"2","subset",5,"small","lion",1,2,2,"lion",3,2,"2-3",1,2,1,1,1,0,1
"276fa18a-8247-4f94-acc1-8580b680b1d1",36,3,3.0027397260274,-1.29313093376625,6,4,"2","subset",6,"large",NA,4,NA,4,"bunny",7,5,"5-7",0,7,0,0,0,-3,0
"6c756189-38db-47b5-9bae-43e4e223e755",36,3,3.03835616438356,-1.25275456259064,4,5,"3","subset",1,"large",NA,4,NA,4,"bunny",5,8,"5-8",0,5,0,0,0,-1,1
"6c756189-38db-47b5-9bae-43e4e223e755",36,3,3.03835616438356,-1.25275456259064,4,5,"3","subset",2,"large","bunny",4,NA,4,"lion",6,7,"6-7",0,7,0,0,0,-3,0
"6c756189-38db-47b5-9bae-43e4e223e755",36,3,3.03835616438356,-1.25275456259064,4,5,"3","subset",3,"small","lion",4,NA,4,"lion",1,2,"1-2",1,2,0,1,0,2,0
"6c756189-38db-47b5-9bae-43e4e223e755",36,3,3.03835616438356,-1.25275456259064,4,5,"3","subset",4,"large","bunny",4,2,2,"bunny",7,5,"5-7",1,7,0,1,0,-5,0
"6c756189-38db-47b5-9bae-43e4e223e755",36,3,3.03835616438356,-1.25275456259064,4,5,"3","subset",5,"small",NA,2,NA,2,"lion",3,2,"2-3",0,2,1,1,0,0,1
"6c756189-38db-47b5-9bae-43e4e223e755",36,3,3.03835616438356,-1.25275456259064,4,5,"3","subset",6,"small",NA,4,NA,4,"bunny",3,1,"1-3",0,3,0,0,0,1,1
"6b2c6cec-5132-4c4f-bf33-67dbd7b74994",46,3,3.83561643835616,-0.348945023198361,6,29,"CP","CP",1,"large",NA,4,NA,4,"lion",8,5,"5-8",0,5,0,0,0,-1,1
"6b2c6cec-5132-4c4f-bf33-67dbd7b74994",46,3,3.83561643835616,-0.348945023198361,6,29,"CP","CP",2,"small",NA,2,NA,2,"lion",1,2,"1-2",0,2,1,1,0,0,1
"6b2c6cec-5132-4c4f-bf33-67dbd7b74994",46,3,3.83561643835616,-0.348945023198361,6,29,"CP","CP",3,"small",NA,1,NA,1,"bunny",3,1,"1-3",0,3,0,0,0,-2,0
"6b2c6cec-5132-4c4f-bf33-67dbd7b74994",46,3,3.83561643835616,-0.348945023198361,6,29,"CP","CP",4,"large","bunny",6,NA,6,"bunny",6,7,"6-7",1,6,1,1,1,0,1
"6b2c6cec-5132-4c4f-bf33-67dbd7b74994",46,3,3.83561643835616,-0.348945023198361,6,29,"CP","CP",5,"small","lion",2,NA,2,"lion",3,2,"2-3",1,2,1,1,1,0,1
"6b2c6cec-5132-4c4f-bf33-67dbd7b74994",46,3,3.83561643835616,-0.348945023198361,6,29,"CP","CP",6,"large",NA,20,NA,20,"bunny",7,5,"5-7",0,7,0,0,0,13,0
"cd43aaab-46af-463f-abd4-4d265e6f7b5b",51,4,4.3041095890411,0.182159551496075,6,12,"2","subset",1,"large","bunny",3,NA,3,"lion",8,5,"5-8",0,5,0,0,0,-2,0
"cd43aaab-46af-463f-abd4-4d265e6f7b5b",51,4,4.3041095890411,0.182159551496075,6,12,"2","subset",2,"small","lion",2,NA,2,"lion",1,2,"1-2",1,2,1,1,1,0,1
"cd43aaab-46af-463f-abd4-4d265e6f7b5b",51,4,4.3041095890411,0.182159551496075,6,12,"2","subset",3,"small","bunny",2,NA,2,"bunny",3,1,"1-3",1,3,0,1,0,-1,1
"cd43aaab-46af-463f-abd4-4d265e6f7b5b",51,4,4.3041095890411,0.182159551496075,6,12,"2","subset",4,"large","bunny",2,NA,2,"bunny",6,7,"6-7",1,6,0,1,0,-4,0
"cd43aaab-46af-463f-abd4-4d265e6f7b5b",51,4,4.3041095890411,0.182159551496075,6,12,"2","subset",5,"small","lion",2,NA,2,"lion",3,2,"2-3",1,2,1,1,1,0,1
"cd43aaab-46af-463f-abd4-4d265e6f7b5b",51,4,4.3041095890411,0.182159551496075,6,12,"2","subset",6,"large","bunny",2,NA,2,"bunny",7,5,"5-7",1,7,0,1,0,-5,0
"f188d8af-b300-4f77-9163-62ec6bb9f76c",42,3,3.53698630136986,-0.68748536613224,1,10,"4","subset",1,"small","lion",1,NA,1,"lion",3,1,"1-3",1,1,1,1,1,0,1
"f188d8af-b300-4f77-9163-62ec6bb9f76c",42,3,3.53698630136986,-0.68748536613224,1,10,"4","subset",2,"large","lion",5,NA,5,"lion",5,7,"5-7",1,7,0,1,0,-2,0
"f188d8af-b300-4f77-9163-62ec6bb9f76c",42,3,3.53698630136986,-0.68748536613224,1,10,"4","subset",3,"large","lion",5,NA,5,"bunny",6,7,"6-7",0,6,0,0,0,-1,1
"f188d8af-b300-4f77-9163-62ec6bb9f76c",42,3,3.53698630136986,-0.68748536613224,1,10,"4","subset",4,"small","bunny",2,NA,2,"bunny",2,3,"2-3",1,2,1,1,1,0,1
"f188d8af-b300-4f77-9163-62ec6bb9f76c",42,3,3.53698630136986,-0.68748536613224,1,10,"4","subset",5,"small","lion",2,NA,2,"lion",1,2,"1-2",1,2,1,1,1,0,1
"f188d8af-b300-4f77-9163-62ec6bb9f76c",42,3,3.53698630136986,-0.68748536613224,1,10,"4","subset",6,"large","bunny",4,NA,4,"bunny",8,5,"5-8",1,8,0,1,0,-4,0
"e9a5e24e-06fa-4179-a57e-ed4c8bff1b48",50,4,4.21643835616438,0.082771560909981,6,11,"CP","CP",1,"large","lion",4,NA,4,"lion",8,5,"5-8",1,5,0,1,0,-1,1
"e9a5e24e-06fa-4179-a57e-ed4c8bff1b48",50,4,4.21643835616438,0.082771560909981,6,11,"CP","CP",2,"small","lion",2,NA,2,"lion",1,2,"1-2",1,2,1,1,1,0,1
"e9a5e24e-06fa-4179-a57e-ed4c8bff1b48",50,4,4.21643835616438,0.082771560909981,6,11,"CP","CP",3,"small","bunny",3,NA,3,"bunny",3,1,"1-3",1,3,1,1,1,0,1
"e9a5e24e-06fa-4179-a57e-ed4c8bff1b48",50,4,4.21643835616438,0.082771560909981,6,11,"CP","CP",4,"large","bunny",6,NA,6,"bunny",6,7,"6-7",1,6,1,1,1,0,1
"e9a5e24e-06fa-4179-a57e-ed4c8bff1b48",50,4,4.21643835616438,0.082771560909981,6,11,"CP","CP",5,"small","lion",2,NA,2,"lion",3,2,"2-3",1,2,1,1,1,0,1
"e9a5e24e-06fa-4179-a57e-ed4c8bff1b48",50,4,4.21643835616438,0.082771560909981,6,11,"CP","CP",6,"large","bunny",7,NA,7,"bunny",7,5,"5-7",1,7,1,1,1,0,1
"9af80b82-e7f8-4d84-bd3c-ddcfb2eb71ce",52,4,4.40547945205479,0.297076915611244,4,13,"CP","CP",1,"large","bunny",5,NA,5,"bunny",5,8,"5-8",1,5,1,1,1,0,1
"9af80b82-e7f8-4d84-bd3c-ddcfb2eb71ce",52,4,4.40547945205479,0.297076915611244,4,13,"CP","CP",2,"large","lion",7,NA,7,"lion",6,7,"6-7",1,7,1,1,1,0,1
"9af80b82-e7f8-4d84-bd3c-ddcfb2eb71ce",52,4,4.40547945205479,0.297076915611244,4,13,"CP","CP",3,"small","lion",2,NA,2,"lion",1,2,"1-2",1,2,1,1,1,0,1
"9af80b82-e7f8-4d84-bd3c-ddcfb2eb71ce",52,4,4.40547945205479,0.297076915611244,4,13,"CP","CP",4,"large","bunny",7,NA,7,"bunny",7,5,"5-7",1,7,1,1,1,0,1
"9af80b82-e7f8-4d84-bd3c-ddcfb2eb71ce",52,4,4.40547945205479,0.297076915611244,4,13,"CP","CP",5,"small","lion",2,NA,2,"lion",3,2,"2-3",1,2,1,1,1,0,1
"9af80b82-e7f8-4d84-bd3c-ddcfb2eb71ce",52,4,4.40547945205479,0.297076915611244,4,13,"CP","CP",6,"small","bunny",3,NA,3,"bunny",3,1,"1-3",1,3,1,1,1,0,1
"387194d8-f532-457a-b89a-c3decd1f1435",61,5,5.09041095890411,1.0735455920651,2,12,"CP","CP",1,"large","lion",7,NA,7,"lion",6,7,"6-7",1,7,1,1,1,0,1
"387194d8-f532-457a-b89a-c3decd1f1435",61,5,5.09041095890411,1.0735455920651,2,12,"CP","CP",2,"small","bunny",1,NA,1,"bunny",1,2,"1-2",1,1,1,1,1,0,1
"387194d8-f532-457a-b89a-c3decd1f1435",61,5,5.09041095890411,1.0735455920651,2,12,"CP","CP",3,"large","bunny",7,NA,7,"bunny",7,5,"5-7",1,7,1,1,1,0,1
"387194d8-f532-457a-b89a-c3decd1f1435",61,5,5.09041095890411,1.0735455920651,2,12,"CP","CP",4,"small","lion",1,NA,1,"lion",3,1,"1-3",1,1,1,1,1,0,1
"387194d8-f532-457a-b89a-c3decd1f1435",61,5,5.09041095890411,1.0735455920651,2,12,"CP","CP",5,"large","bunny",5,NA,5,"bunny",5,8,"5-8",1,5,1,1,1,0,1
"387194d8-f532-457a-b89a-c3decd1f1435",61,5,5.09041095890411,1.0735455920651,2,12,"CP","CP",6,"small","lion",3,NA,3,"lion",2,3,"2-3",1,3,1,1,1,0,1
"26d566cf-04c4-4c89-aa27-1d8efcf6c5e1",56,4,4.69315068493151,0.623193759721863,2,12,"CP","CP",1,"large","lion",4,7,7,"lion",6,7,"6-7",1,7,1,1,1,0,1
"26d566cf-04c4-4c89-aa27-1d8efcf6c5e1",56,4,4.69315068493151,0.623193759721863,2,12,"CP","CP",2,"small","bunny",1,NA,1,"bunny",1,2,"1-2",1,1,1,1,1,0,1
"26d566cf-04c4-4c89-aa27-1d8efcf6c5e1",56,4,4.69315068493151,0.623193759721863,2,12,"CP","CP",3,"large","bunny",7,NA,7,"bunny",7,5,"5-7",1,7,1,1,1,0,1
"26d566cf-04c4-4c89-aa27-1d8efcf6c5e1",56,4,4.69315068493151,0.623193759721863,2,12,"CP","CP",4,"small","lion",1,NA,1,"lion",3,1,"1-3",1,1,1,1,1,0,1
"26d566cf-04c4-4c89-aa27-1d8efcf6c5e1",56,4,4.69315068493151,0.623193759721863,2,12,"CP","CP",5,"large","bunny",5,NA,5,"bunny",5,8,"5-8",1,5,1,1,1,0,1
"26d566cf-04c4-4c89-aa27-1d8efcf6c5e1",56,4,4.69315068493151,0.623193759721863,2,12,"CP","CP",6,"small","lion",3,NA,3,"lion",2,3,"2-3",1,3,1,1,1,0,1
"64aa7950-16f3-4c15-9d44-7a3fa6756644",49,4,4.14520547945205,0.00201881855878044,1,10,"CP","CP",1,"small","lion",1,NA,1,"lion",3,1,"1-3",1,1,1,1,1,0,1
"64aa7950-16f3-4c15-9d44-7a3fa6756644",49,4,4.14520547945205,0.00201881855878044,1,10,"CP","CP",2,"large","lion",7,NA,7,"lion",5,7,"5-7",1,7,1,1,1,0,1
"64aa7950-16f3-4c15-9d44-7a3fa6756644",49,4,4.14520547945205,0.00201881855878044,1,10,"CP","CP",3,"large","bunny",NA,NA,NA,"bunny",6,7,"6-7",1,6,0,1,0,NA,0
"64aa7950-16f3-4c15-9d44-7a3fa6756644",49,4,4.14520547945205,0.00201881855878044,1,10,"CP","CP",4,"small","bunny",2,NA,2,"bunny",2,3,"2-3",1,2,1,1,1,0,1
"64aa7950-16f3-4c15-9d44-7a3fa6756644",49,4,4.14520547945205,0.00201881855878044,1,10,"CP","CP",5,"small","lion",2,NA,2,"lion",1,2,"1-2",1,2,1,1,1,0,1
"64aa7950-16f3-4c15-9d44-7a3fa6756644",49,4,4.14520547945205,0.00201881855878044,1,10,"CP","CP",6,"large","bunny",600,NA,600,"bunny",8,5,"5-8",1,8,0,1,0,592,0
"ca1a6f36-13b7-4482-918a-29b02384034c",55,4,4.61095890410959,0.5300175185474,4,12,"CP","CP",1,"large","bunny",5,NA,5,"bunny",5,8,"5-8",1,5,1,1,1,0,1
"ca1a6f36-13b7-4482-918a-29b02384034c",55,4,4.61095890410959,0.5300175185474,4,12,"CP","CP",2,"large","lion",7,NA,7,"lion",6,7,"6-7",1,7,1,1,1,0,1
"ca1a6f36-13b7-4482-918a-29b02384034c",55,4,4.61095890410959,0.5300175185474,4,12,"CP","CP",3,"small","lion",2,NA,2,"lion",1,2,"1-2",1,2,1,1,1,0,1
"ca1a6f36-13b7-4482-918a-29b02384034c",55,4,4.61095890410959,0.5300175185474,4,12,"CP","CP",4,"large","bunny",7,NA,7,"bunny",7,5,"5-7",1,7,1,1,1,0,1
"ca1a6f36-13b7-4482-918a-29b02384034c",55,4,4.61095890410959,0.5300175185474,4,12,"CP","CP",5,"small","lion",2,NA,2,"lion",3,2,"2-3",1,2,1,1,1,0,1
"ca1a6f36-13b7-4482-918a-29b02384034c",55,4,4.61095890410959,0.5300175185474,4,12,"CP","CP",6,"small","bunny",3,NA,3,"bunny",3,1,"1-3",1,3,1,1,1,0,1
"2870c606-4916-4a2e-926e-72fcbcb6d624",55,4,4.61095890410959,0.5300175185474,4,4,"3","subset",1,"large","bunny",4,5,5,"bunny",5,8,"5-8",1,5,1,1,1,0,1
"2870c606-4916-4a2e-926e-72fcbcb6d624",55,4,4.61095890410959,0.5300175185474,4,4,"3","subset",2,"large","lion",7,NA,7,"lion",6,7,"6-7",1,7,1,1,1,0,1
"2870c606-4916-4a2e-926e-72fcbcb6d624",55,4,4.61095890410959,0.5300175185474,4,4,"3","subset",3,"small","lion",2,NA,2,"lion",1,2,"1-2",1,2,1,1,1,0,1
"2870c606-4916-4a2e-926e-72fcbcb6d624",55,4,4.61095890410959,0.5300175185474,4,4,"3","subset",4,"large","bunny",7,NA,7,"bunny",7,5,"5-7",1,7,1,1,1,0,1
"2870c606-4916-4a2e-926e-72fcbcb6d624",55,4,4.61095890410959,0.5300175185474,4,4,"3","subset",5,"small","lion",2,NA,2,"lion",3,2,"2-3",1,2,1,1,1,0,1
"2870c606-4916-4a2e-926e-72fcbcb6d624",55,4,4.61095890410959,0.5300175185474,4,4,"3","subset",6,"small","bunny",3,NA,3,"bunny",3,1,"1-3",1,3,1,1,1,0,1
"bf894512-4584-4d8a-a54b-8810d6374945",51,4,4.25479452054795,0.126253806791397,1,9,"CP","CP",1,"small","lion",1,NA,1,"lion",3,1,"1-3",1,1,1,1,1,0,1
"bf894512-4584-4d8a-a54b-8810d6374945",51,4,4.25479452054795,0.126253806791397,1,9,"CP","CP",2,"large","lion",6,NA,6,"lion",5,7,"5-7",1,7,0,1,0,-1,1
"bf894512-4584-4d8a-a54b-8810d6374945",51,4,4.25479452054795,0.126253806791397,1,9,"CP","CP",3,"large","bunny",6,NA,6,"bunny",6,7,"6-7",1,6,1,1,1,0,1
"bf894512-4584-4d8a-a54b-8810d6374945",51,4,4.25479452054795,0.126253806791397,1,9,"CP","CP",4,"small","bunny",2,NA,2,"bunny",2,3,"2-3",1,2,1,1,1,0,1
"bf894512-4584-4d8a-a54b-8810d6374945",51,4,4.25479452054795,0.126253806791397,1,9,"CP","CP",5,"small","lion",2,NA,2,"lion",1,2,"1-2",1,2,1,1,1,0,1
"bf894512-4584-4d8a-a54b-8810d6374945",51,4,4.25479452054795,0.126253806791397,1,9,"CP","CP",6,"large","bunny",8,NA,8,"bunny",8,5,"5-8",1,8,1,1,1,0,1
"9d47b26a-39de-44ed-96d6-8d7d6ae8d494",35,2,2.92054794520548,-1.38630717494071,4,1,"2","subset",1,"large",NA,7,NA,7,"bunny",5,8,"5-8",0,5,0,0,0,2,0
"9d47b26a-39de-44ed-96d6-8d7d6ae8d494",35,2,2.92054794520548,-1.38630717494071,4,1,"2","subset",2,"large",NA,6,NA,6,"lion",6,7,"6-7",0,7,0,0,0,-1,1
"9d47b26a-39de-44ed-96d6-8d7d6ae8d494",35,2,2.92054794520548,-1.38630717494071,4,1,"2","subset",3,"small",NA,7,NA,7,"lion",1,2,"1-2",0,2,0,0,0,5,0
"9d47b26a-39de-44ed-96d6-8d7d6ae8d494",35,2,2.92054794520548,-1.38630717494071,4,1,"2","subset",4,"large",NA,6,NA,6,"bunny",7,5,"5-7",0,7,0,0,0,-1,1
"9d47b26a-39de-44ed-96d6-8d7d6ae8d494",35,2,2.92054794520548,-1.38630717494071,4,1,"2","subset",5,"small",NA,6,NA,6,"lion",3,2,"2-3",0,2,0,0,0,4,0
"9d47b26a-39de-44ed-96d6-8d7d6ae8d494",35,2,2.92054794520548,-1.38630717494071,4,1,"2","subset",6,"small",NA,6,NA,6,"bunny",3,1,"1-3",0,3,0,0,0,3,0
"89132b56-0325-48d2-9bab-defa233f6e6d",25,2,2.12602739726027,-2.28701083962718,3,NA,"1","subset",1,"small","bunny",1,NA,1,"lion",2,3,"2-3",0,3,0,0,0,-2,0
"89132b56-0325-48d2-9bab-defa233f6e6d",25,2,2.12602739726027,-2.28701083962718,3,NA,"1","subset",2,"small","bunny",1,NA,1,"bunny",1,3,"1-3",1,1,1,1,1,0,1
"89132b56-0325-48d2-9bab-defa233f6e6d",25,2,2.12602739726027,-2.28701083962718,3,NA,"1","subset",3,"large",NA,1,NA,1,"lion",5,7,"5-7",0,7,0,0,0,-6,0
"89132b56-0325-48d2-9bab-defa233f6e6d",25,2,2.12602739726027,-2.28701083962718,3,NA,"1","subset",4,"large","bunny",1,NA,1,"bunny",8,5,"5-8",1,8,0,1,0,-7,0
"89132b56-0325-48d2-9bab-defa233f6e6d",25,2,2.12602739726027,-2.28701083962718,3,NA,"1","subset",5,"small",NA,0,NA,0,"lion",2,1,"1-2",0,1,0,0,0,-1,1
"89132b56-0325-48d2-9bab-defa233f6e6d",25,2,2.12602739726027,-2.28701083962718,3,NA,"1","subset",6,"large","lion",1,NA,1,"bunny",6,7,"6-7",0,6,0,0,0,-5,0
"db8aa543-32e3-43c0-bffc-ea77116fe02d",56,4,4.71506849315069,0.648040757368386,5,9,"3","subset",1,"small","lion",1,NA,1,"lion",3,1,"1-3",1,1,1,1,1,0,1
"db8aa543-32e3-43c0-bffc-ea77116fe02d",56,4,4.71506849315069,0.648040757368386,5,9,"3","subset",2,"small","lion",1,NA,1,"lion",2,1,"1-2",1,1,1,1,1,0,1
"db8aa543-32e3-43c0-bffc-ea77116fe02d",56,4,4.71506849315069,0.648040757368386,5,9,"3","subset",3,"large","bunny",7,NA,7,"bunny",7,6,"6-7",1,7,1,1,1,0,1
"db8aa543-32e3-43c0-bffc-ea77116fe02d",56,4,4.71506849315069,0.648040757368386,5,9,"3","subset",4,"small","lion",3,NA,3,"lion",2,3,"2-3",1,3,1,1,1,0,1
"db8aa543-32e3-43c0-bffc-ea77116fe02d",56,4,4.71506849315069,0.648040757368386,5,9,"3","subset",5,"large","bunny",4,NA,4,"bunny",5,8,"5-8",1,5,0,1,0,-1,1
"db8aa543-32e3-43c0-bffc-ea77116fe02d",56,4,4.71506849315069,0.648040757368386,5,9,"3","subset",6,"large","bunny",6,NA,6,"bunny",7,5,"5-7",1,7,0,1,0,-1,1
"c5c94834-7ef6-45ad-a5f7-05864fa9cfb6",63,5,5.28219178082192,1.29095682147218,3,12,"CP","CP",1,"small","lion",3,NA,3,"lion",2,3,"2-3",1,3,1,1,1,0,1
"c5c94834-7ef6-45ad-a5f7-05864fa9cfb6",63,5,5.28219178082192,1.29095682147218,3,12,"CP","CP",2,"small","bunny",1,NA,1,"bunny",1,3,"1-3",1,1,1,1,1,0,1
"c5c94834-7ef6-45ad-a5f7-05864fa9cfb6",63,5,5.28219178082192,1.29095682147218,3,12,"CP","CP",3,"large","lion",8,NA,8,"lion",5,7,"5-7",1,7,0,1,0,1,1
"c5c94834-7ef6-45ad-a5f7-05864fa9cfb6",63,5,5.28219178082192,1.29095682147218,3,12,"CP","CP",4,"large","bunny",8,NA,8,"bunny",8,5,"5-8",1,8,1,1,1,0,1
"c5c94834-7ef6-45ad-a5f7-05864fa9cfb6",63,5,5.28219178082192,1.29095682147218,3,12,"CP","CP",5,"small","lion",1,NA,1,"lion",2,1,"1-2",1,1,1,1,1,0,1
"c5c94834-7ef6-45ad-a5f7-05864fa9cfb6",63,5,5.28219178082192,1.29095682147218,3,12,"CP","CP",6,"large","bunny",7,NA,7,"bunny",6,7,"6-7",1,6,0,1,0,1,1
"c5c0a628-1876-4612-b389-47505f1e5eb7",50,4,4.24109589041096,0.11072443326232,1,10,"CP","CP",1,"small",NA,1,NA,1,"lion",3,1,"1-3",0,1,1,1,0,0,1
"c5c0a628-1876-4612-b389-47505f1e5eb7",50,4,4.24109589041096,0.11072443326232,1,10,"CP","CP",2,"large",NA,6,NA,6,"lion",5,7,"5-7",0,7,0,0,0,-1,1
"c5c0a628-1876-4612-b389-47505f1e5eb7",50,4,4.24109589041096,0.11072443326232,1,10,"CP","CP",3,"large",NA,6,NA,6,"bunny",6,7,"6-7",0,6,1,1,0,0,1
"c5c0a628-1876-4612-b389-47505f1e5eb7",50,4,4.24109589041096,0.11072443326232,1,10,"CP","CP",4,"small","bunny",2,NA,2,"bunny",2,3,"2-3",1,2,1,1,1,0,1
"c5c0a628-1876-4612-b389-47505f1e5eb7",50,4,4.24109589041096,0.11072443326232,1,10,"CP","CP",5,"small","lion",2,NA,2,"lion",1,2,"1-2",1,2,1,1,1,0,1
"c5c0a628-1876-4612-b389-47505f1e5eb7",50,4,4.24109589041096,0.11072443326232,1,10,"CP","CP",6,"large","bunny",8,NA,8,"bunny",8,5,"5-8",1,8,1,1,1,0,1
"642a60f4-f50c-4fa0-a486-e398ec5bdcc4",52,4,4.38904109589041,0.278441667376352,4,4,"2","subset",1,"large","bunny",4,12,12,"bunny",5,8,"5-8",1,5,0,1,0,7,0
"642a60f4-f50c-4fa0-a486-e398ec5bdcc4",52,4,4.38904109589041,0.278441667376352,4,4,"2","subset",2,"large","lion",16,NA,16,"lion",6,7,"6-7",1,7,0,1,0,9,0
"642a60f4-f50c-4fa0-a486-e398ec5bdcc4",52,4,4.38904109589041,0.278441667376352,4,4,"2","subset",3,"small","lion",2,NA,2,"lion",1,2,"1-2",1,2,1,1,1,0,1
"642a60f4-f50c-4fa0-a486-e398ec5bdcc4",52,4,4.38904109589041,0.278441667376352,4,4,"2","subset",4,"large","bunny",12,NA,12,"bunny",7,5,"5-7",1,7,0,1,0,5,0
"642a60f4-f50c-4fa0-a486-e398ec5bdcc4",52,4,4.38904109589041,0.278441667376352,4,4,"2","subset",5,"small",NA,11,NA,11,"lion",3,2,"2-3",0,2,0,0,0,9,0
"642a60f4-f50c-4fa0-a486-e398ec5bdcc4",52,4,4.38904109589041,0.278441667376352,4,4,"2","subset",6,"small",NA,12,NA,12,"bunny",3,1,"1-3",0,3,0,0,0,9,0
"459c200f-887a-4bdf-a527-1ed91a81e7ef",36,3,3.04931506849315,-1.24033106376738,5,NA,"2","subset",1,"small",NA,4,NA,4,"lion",3,1,"1-3",0,1,0,0,0,3,0
"459c200f-887a-4bdf-a527-1ed91a81e7ef",36,3,3.04931506849315,-1.24033106376738,5,NA,"2","subset",2,"small",NA,4,NA,4,"lion",2,1,"1-2",0,1,0,0,0,3,0
"459c200f-887a-4bdf-a527-1ed91a81e7ef",36,3,3.04931506849315,-1.24033106376738,5,NA,"2","subset",3,"large",NA,5,NA,5,"bunny",7,6,"6-7",0,7,0,0,0,-2,0
"459c200f-887a-4bdf-a527-1ed91a81e7ef",36,3,3.04931506849315,-1.24033106376738,5,NA,"2","subset",4,"small",NA,NA,NA,NA,"lion",2,3,"2-3",0,3,0,0,0,NA,0
"459c200f-887a-4bdf-a527-1ed91a81e7ef",36,3,3.04931506849315,-1.24033106376738,5,NA,"2","subset",5,"large",NA,0,NA,0,"bunny",5,8,"5-8",0,5,0,0,0,-5,0
"459c200f-887a-4bdf-a527-1ed91a81e7ef",36,3,3.04931506849315,-1.24033106376738,5,NA,"2","subset",6,"large",NA,0,NA,0,"bunny",7,5,"5-7",0,7,0,0,0,-7,0
"956dcd72-792e-4301-a801-aa2cc2edad4e",51,4,4.26575342465753,0.138677305614658,4,12,"4","subset",1,"large","bunny",5,NA,5,"bunny",5,8,"5-8",1,5,1,1,1,0,1
"956dcd72-792e-4301-a801-aa2cc2edad4e",51,4,4.26575342465753,0.138677305614658,4,12,"4","subset",2,"large","lion",7,NA,7,"lion",6,7,"6-7",1,7,1,1,1,0,1
"956dcd72-792e-4301-a801-aa2cc2edad4e",51,4,4.26575342465753,0.138677305614658,4,12,"4","subset",3,"small","lion",2,NA,2,"lion",1,2,"1-2",1,2,1,1,1,0,1
"956dcd72-792e-4301-a801-aa2cc2edad4e",51,4,4.26575342465753,0.138677305614658,4,12,"4","subset",4,"large","bunny",7,NA,7,"bunny",7,5,"5-7",1,7,1,1,1,0,1
"956dcd72-792e-4301-a801-aa2cc2edad4e",51,4,4.26575342465753,0.138677305614658,4,12,"4","subset",5,"small","lion",8,2,2,"lion",3,2,"2-3",1,2,1,1,1,0,1
"956dcd72-792e-4301-a801-aa2cc2edad4e",51,4,4.26575342465753,0.138677305614658,4,12,"4","subset",6,"small","bunny",8,3,3,"bunny",3,1,"1-3",1,3,1,1,1,0,1
"9613a583-200a-44f3-9be2-e9aba39561d1",43,3,3.62739726027397,-0.584991500840332,2,8,"2","subset",1,"large",NA,3,NA,3,"lion",6,7,"6-7",0,7,0,0,0,-4,0
"9613a583-200a-44f3-9be2-e9aba39561d1",43,3,3.62739726027397,-0.584991500840332,2,8,"2","subset",2,"small","bunny",1,NA,1,"bunny",1,2,"1-2",1,1,1,1,1,0,1
"9613a583-200a-44f3-9be2-e9aba39561d1",43,3,3.62739726027397,-0.584991500840332,2,8,"2","subset",3,"large",NA,8,NA,8,"bunny",7,5,"5-7",0,7,0,0,0,1,1
"9613a583-200a-44f3-9be2-e9aba39561d1",43,3,3.62739726027397,-0.584991500840332,2,8,"2","subset",4,"small",NA,1,NA,1,"lion",3,1,"1-3",0,1,1,1,0,0,1
"9613a583-200a-44f3-9be2-e9aba39561d1",43,3,3.62739726027397,-0.584991500840332,2,8,"2","subset",5,"large",NA,3,NA,3,"bunny",5,8,"5-8",0,5,0,0,0,-2,0
"9613a583-200a-44f3-9be2-e9aba39561d1",43,3,3.62739726027397,-0.584991500840332,2,8,"2","subset",6,"small",NA,7,NA,7,"lion",2,3,"2-3",0,3,0,0,0,4,0
"e8e1e7b7-7d3a-45eb-8b9b-16d45041d623",56,4,4.67945205479452,0.607664386192785,3,12,"5","subset",1,"small",NA,3,NA,3,"lion",2,3,"2-3",0,3,1,1,0,0,1
"e8e1e7b7-7d3a-45eb-8b9b-16d45041d623",56,4,4.67945205479452,0.607664386192785,3,12,"5","subset",2,"small","bunny",1,NA,1,"bunny",1,3,"1-3",1,1,1,1,1,0,1
"e8e1e7b7-7d3a-45eb-8b9b-16d45041d623",56,4,4.67945205479452,0.607664386192785,3,12,"5","subset",3,"large","lion",8,7,7,"lion",5,7,"5-7",1,7,1,1,1,0,1
"e8e1e7b7-7d3a-45eb-8b9b-16d45041d623",56,4,4.67945205479452,0.607664386192785,3,12,"5","subset",4,"large","bunny",8,NA,8,"bunny",8,5,"5-8",1,8,1,1,1,0,1
"e8e1e7b7-7d3a-45eb-8b9b-16d45041d623",56,4,4.67945205479452,0.607664386192785,3,12,"5","subset",5,"small","lion",1,NA,1,"lion",2,1,"1-2",1,1,1,1,1,0,1
"e8e1e7b7-7d3a-45eb-8b9b-16d45041d623",56,4,4.67945205479452,0.607664386192785,3,12,"5","subset",6,"large","bunny",6,NA,6,"bunny",6,7,"6-7",1,6,1,1,1,0,1
"f32e6bf6-aaf0-4afd-90b6-9e6f58d7e123",42,3,3.50958904109589,-0.718544113190395,2,10,"3","subset",1,"large","lion",7,NA,7,"lion",6,7,"6-7",1,7,1,1,1,0,1
"f32e6bf6-aaf0-4afd-90b6-9e6f58d7e123",42,3,3.50958904109589,-0.718544113190395,2,10,"3","subset",2,"small","bunny",1,NA,1,"bunny",1,2,"1-2",1,1,1,1,1,0,1
"f32e6bf6-aaf0-4afd-90b6-9e6f58d7e123",42,3,3.50958904109589,-0.718544113190395,2,10,"3","subset",3,"large","bunny",10,6,6,"bunny",7,5,"5-7",1,7,0,1,0,-1,1
"f32e6bf6-aaf0-4afd-90b6-9e6f58d7e123",42,3,3.50958904109589,-0.718544113190395,2,10,"3","subset",4,"small",NA,4,1,1,"lion",3,1,"1-3",0,1,1,1,0,0,1
"f32e6bf6-aaf0-4afd-90b6-9e6f58d7e123",42,3,3.50958904109589,-0.718544113190395,2,10,"3","subset",5,"large","bunny",10,NA,10,"bunny",5,8,"5-8",1,5,0,1,0,5,0
"f32e6bf6-aaf0-4afd-90b6-9e6f58d7e123",42,3,3.50958904109589,-0.718544113190395,2,10,"3","subset",6,"small",NA,3,2,2,"lion",2,3,"2-3",0,3,0,0,0,-1,1
"48580bd1-9c94-4f28-a532-bea258a32d59",38,3,3.22191780821918,-1.04466095730101,2,10,"3","subset",1,"large","lion",3,5,5,"lion",6,7,"6-7",1,7,0,1,0,-2,0
"48580bd1-9c94-4f28-a532-bea258a32d59",38,3,3.22191780821918,-1.04466095730101,2,10,"3","subset",2,"small","bunny",2,1,1,"bunny",1,2,"1-2",1,1,1,1,1,0,1
"48580bd1-9c94-4f28-a532-bea258a32d59",38,3,3.22191780821918,-1.04466095730101,2,10,"3","subset",3,"large","bunny",5,NA,5,"bunny",7,5,"5-7",1,7,0,1,0,-2,0
"48580bd1-9c94-4f28-a532-bea258a32d59",38,3,3.22191780821918,-1.04466095730101,2,10,"3","subset",4,"small","bunny",5,NA,5,"lion",3,1,"1-3",0,1,0,0,0,4,0
"48580bd1-9c94-4f28-a532-bea258a32d59",38,3,3.22191780821918,-1.04466095730101,2,10,"3","subset",5,"large","bunny",5,NA,5,"bunny",5,8,"5-8",1,5,1,1,1,0,1
"48580bd1-9c94-4f28-a532-bea258a32d59",38,3,3.22191780821918,-1.04466095730101,2,10,"3","subset",6,"small","lion",5,NA,5,"lion",2,3,"2-3",1,3,0,1,0,2,0
"a08c561b-654c-48e5-867c-4bcc7df5a831",46,3,3.86301369863014,-0.317886276140207,1,12,"3","subset",1,"small","bunny",3,NA,3,"lion",3,1,"1-3",0,1,0,0,0,2,0
"a08c561b-654c-48e5-867c-4bcc7df5a831",46,3,3.86301369863014,-0.317886276140207,1,12,"3","subset",2,"large","lion",4,NA,4,"lion",5,7,"5-7",1,7,0,1,0,-3,0
"a08c561b-654c-48e5-867c-4bcc7df5a831",46,3,3.86301369863014,-0.317886276140207,1,12,"3","subset",3,"large","bunny",3,NA,3,"bunny",6,7,"6-7",1,6,0,1,0,-3,0
"a08c561b-654c-48e5-867c-4bcc7df5a831",46,3,3.86301369863014,-0.317886276140207,1,12,"3","subset",4,"small","bunny",2,NA,2,"bunny",2,3,"2-3",1,2,1,1,1,0,1
"a08c561b-654c-48e5-867c-4bcc7df5a831",46,3,3.86301369863014,-0.317886276140207,1,12,"3","subset",5,"small","lion",2,NA,2,"lion",1,2,"1-2",1,2,1,1,1,0,1
"a08c561b-654c-48e5-867c-4bcc7df5a831",46,3,3.86301369863014,-0.317886276140207,1,12,"3","subset",6,"large","bunny",3,NA,3,"bunny",8,5,"5-8",1,8,0,1,0,-5,0
"0399723d-28fe-4e6d-b8c2-aabe3347103e",44,3,3.74246575342466,-0.454544763196085,6,14,"5","subset",1,"large","lion",5,NA,5,"lion",8,5,"5-8",1,5,1,1,1,0,1
"0399723d-28fe-4e6d-b8c2-aabe3347103e",44,3,3.74246575342466,-0.454544763196085,6,14,"5","subset",2,"small","lion",2,NA,2,"lion",1,2,"1-2",1,2,1,1,1,0,1
"0399723d-28fe-4e6d-b8c2-aabe3347103e",44,3,3.74246575342466,-0.454544763196085,6,14,"5","subset",3,"small","bunny",3,NA,3,"bunny",3,1,"1-3",1,3,1,1,1,0,1
"0399723d-28fe-4e6d-b8c2-aabe3347103e",44,3,3.74246575342466,-0.454544763196085,6,14,"5","subset",4,"large","bunny",5,NA,5,"bunny",6,7,"6-7",1,6,0,1,0,-1,1
"0399723d-28fe-4e6d-b8c2-aabe3347103e",44,3,3.74246575342466,-0.454544763196085,6,14,"5","subset",5,"small","lion",2,NA,2,"lion",3,2,"2-3",1,2,1,1,1,0,1
"0399723d-28fe-4e6d-b8c2-aabe3347103e",44,3,3.74246575342466,-0.454544763196085,6,14,"5","subset",6,"large","bunny",5,NA,5,"bunny",7,5,"5-7",1,7,0,1,0,-2,0
"38d02109-fd3e-4a6c-b5c5-69f85959116e",44,3,3.7041095890411,-0.498027009077501,1,4,"2","subset",1,"small","lion",1,NA,1,"lion",3,1,"1-3",1,1,1,1,1,0,1
"38d02109-fd3e-4a6c-b5c5-69f85959116e",44,3,3.7041095890411,-0.498027009077501,1,4,"2","subset",2,"large",NA,6,NA,6,"lion",5,7,"5-7",0,7,0,0,0,-1,1
"38d02109-fd3e-4a6c-b5c5-69f85959116e",44,3,3.7041095890411,-0.498027009077501,1,4,"2","subset",3,"large",NA,6,NA,6,"bunny",6,7,"6-7",0,6,1,1,0,0,1
"38d02109-fd3e-4a6c-b5c5-69f85959116e",44,3,3.7041095890411,-0.498027009077501,1,4,"2","subset",4,"small","bunny",2,NA,2,"bunny",2,3,"2-3",1,2,1,1,1,0,1
"38d02109-fd3e-4a6c-b5c5-69f85959116e",44,3,3.7041095890411,-0.498027009077501,1,4,"2","subset",5,"small","lion",2,NA,2,"lion",1,2,"1-2",1,2,1,1,1,0,1
"38d02109-fd3e-4a6c-b5c5-69f85959116e",44,3,3.7041095890411,-0.498027009077501,1,4,"2","subset",6,"large",NA,4,NA,4,"bunny",8,5,"5-8",0,8,0,0,0,-4,0
"54c4e387-39bc-44a8-9097-dbe05b96e27e",49,4,4.15616438356164,0.0144423173820425,4,2,"3","subset",1,"large","lion",4,NA,4,"bunny",5,8,"5-8",0,5,0,0,0,-1,1
"54c4e387-39bc-44a8-9097-dbe05b96e27e",49,4,4.15616438356164,0.0144423173820425,4,2,"3","subset",2,"large","lion",3,NA,3,"lion",6,7,"6-7",1,7,0,1,0,-4,0
"54c4e387-39bc-44a8-9097-dbe05b96e27e",49,4,4.15616438356164,0.0144423173820425,4,2,"3","subset",3,"small","lion",2,NA,2,"lion",1,2,"1-2",1,2,1,1,1,0,1
"54c4e387-39bc-44a8-9097-dbe05b96e27e",49,4,4.15616438356164,0.0144423173820425,4,2,"3","subset",4,"large","bunny",4,NA,4,"bunny",7,5,"5-7",1,7,0,1,0,-3,0
"54c4e387-39bc-44a8-9097-dbe05b96e27e",49,4,4.15616438356164,0.0144423173820425,4,2,"3","subset",5,"small","lion",2,NA,2,"lion",3,2,"2-3",1,2,1,1,1,0,1
"54c4e387-39bc-44a8-9097-dbe05b96e27e",49,4,4.15616438356164,0.0144423173820425,4,2,"3","subset",6,"small",NA,6,NA,6,"bunny",3,1,"1-3",0,3,0,0,0,3,0
"948ad5d2-db7f-4a61-bb91-7ee6c92bacd1",49,4,4.10684931506849,-0.0414634273226349,1,10,"3","subset",1,"small","bunny",1,6,6,"lion",3,1,"1-3",0,1,0,0,0,5,0
"948ad5d2-db7f-4a61-bb91-7ee6c92bacd1",49,4,4.10684931506849,-0.0414634273226349,1,10,"3","subset",2,"large","lion",4,NA,4,"lion",5,7,"5-7",1,7,0,1,0,-3,0
"948ad5d2-db7f-4a61-bb91-7ee6c92bacd1",49,4,4.10684931506849,-0.0414634273226349,1,10,"3","subset",3,"large","bunny",7,NA,7,"bunny",6,7,"6-7",1,6,0,1,0,1,1
"948ad5d2-db7f-4a61-bb91-7ee6c92bacd1",49,4,4.10684931506849,-0.0414634273226349,1,10,"3","subset",4,"small","bunny",2,NA,2,"bunny",2,3,"2-3",1,2,1,1,1,0,1
"948ad5d2-db7f-4a61-bb91-7ee6c92bacd1",49,4,4.10684931506849,-0.0414634273226349,1,10,"3","subset",5,"small","lion",2,NA,2,"lion",1,2,"1-2",1,2,1,1,1,0,1
"948ad5d2-db7f-4a61-bb91-7ee6c92bacd1",49,4,4.10684931506849,-0.0414634273226349,1,10,"3","subset",6,"large","bunny",4,NA,4,"bunny",8,5,"5-8",1,8,0,1,0,-4,0
"2bbf1fa8-9d0d-464f-a90b-9a89daa4d170",36,3,3.04657534246575,-1.2434369384732,5,11,"2","subset",1,"small","lion",1,NA,1,"lion",3,1,"1-3",1,1,1,1,1,0,1
"2bbf1fa8-9d0d-464f-a90b-9a89daa4d170",36,3,3.04657534246575,-1.2434369384732,5,11,"2","subset",2,"small","bunny",2,NA,2,"lion",2,1,"1-2",0,1,0,0,0,1,1
"2bbf1fa8-9d0d-464f-a90b-9a89daa4d170",36,3,3.04657534246575,-1.2434369384732,5,11,"2","subset",3,"large","bunny",6,NA,6,"bunny",7,6,"6-7",1,7,0,1,0,-1,1
"2bbf1fa8-9d0d-464f-a90b-9a89daa4d170",36,3,3.04657534246575,-1.2434369384732,5,11,"2","subset",4,"small","lion",3,NA,3,"lion",2,3,"2-3",1,3,1,1,1,0,1
"2bbf1fa8-9d0d-464f-a90b-9a89daa4d170",36,3,3.04657534246575,-1.2434369384732,5,11,"2","subset",5,"large","bunny",7,5,5,"bunny",5,8,"5-8",1,5,1,1,1,0,1
"2bbf1fa8-9d0d-464f-a90b-9a89daa4d170",36,3,3.04657534246575,-1.2434369384732,5,11,"2","subset",6,"large","bunny",5,NA,5,"bunny",7,5,"5-7",1,7,0,1,0,-2,0
"de2f766e-2bd6-4d93-9515-be1415ea6663",60,5,5.06301369863014,1.04248684500694,5,12,"CP","CP",1,"small",NA,1,NA,1,"lion",3,1,"1-3",0,1,1,1,0,0,1
"de2f766e-2bd6-4d93-9515-be1415ea6663",60,5,5.06301369863014,1.04248684500694,5,12,"CP","CP",2,"small",NA,1,NA,1,"lion",2,1,"1-2",0,1,1,1,0,0,1
"de2f766e-2bd6-4d93-9515-be1415ea6663",60,5,5.06301369863014,1.04248684500694,5,12,"CP","CP",3,"large","bunny",8,NA,8,"bunny",7,6,"6-7",1,7,0,1,0,1,1
"de2f766e-2bd6-4d93-9515-be1415ea6663",60,5,5.06301369863014,1.04248684500694,5,12,"CP","CP",4,"small","lion",3,NA,3,"lion",2,3,"2-3",1,3,1,1,1,0,1
"de2f766e-2bd6-4d93-9515-be1415ea6663",60,5,5.06301369863014,1.04248684500694,5,12,"CP","CP",5,"large","bunny",5,NA,5,"bunny",5,8,"5-8",1,5,1,1,1,0,1
"de2f766e-2bd6-4d93-9515-be1415ea6663",60,5,5.06301369863014,1.04248684500694,5,12,"CP","CP",6,"large","bunny",8,NA,8,"bunny",7,5,"5-7",1,7,0,1,0,1,1
"30d80917-9e93-4271-b90d-6d421bde9c8b",45,3,3.77808219178082,-0.414168392020484,6,9,"4","subset",1,"large","lion",4,NA,4,"lion",8,5,"5-8",1,5,0,1,0,-1,1
"30d80917-9e93-4271-b90d-6d421bde9c8b",45,3,3.77808219178082,-0.414168392020484,6,9,"4","subset",2,"small",NA,2,3,3,"lion",1,2,"1-2",0,2,0,0,0,1,1
"30d80917-9e93-4271-b90d-6d421bde9c8b",45,3,3.77808219178082,-0.414168392020484,6,9,"4","subset",3,"small",NA,4,NA,4,"bunny",3,1,"1-3",0,3,0,0,0,1,1
"30d80917-9e93-4271-b90d-6d421bde9c8b",45,3,3.77808219178082,-0.414168392020484,6,9,"4","subset",4,"large",NA,4,NA,4,"bunny",6,7,"6-7",0,6,0,0,0,-2,0
"30d80917-9e93-4271-b90d-6d421bde9c8b",45,3,3.77808219178082,-0.414168392020484,6,9,"4","subset",5,"small",NA,3,NA,3,"lion",3,2,"2-3",0,2,0,0,0,1,1
"30d80917-9e93-4271-b90d-6d421bde9c8b",45,3,3.77808219178082,-0.414168392020484,6,9,"4","subset",6,"large",NA,5,NA,5,"bunny",7,5,"5-7",0,7,0,0,0,-2,0
"21bed3fc-336e-4658-9229-acb38f0c0658",56,4,4.6986301369863,0.629405509133493,3,12,"CP","CP",1,"small","lion",3,NA,3,"lion",2,3,"2-3",1,3,1,1,1,0,1
"21bed3fc-336e-4658-9229-acb38f0c0658",56,4,4.6986301369863,0.629405509133493,3,12,"CP","CP",2,"small","bunny",1,NA,1,"bunny",1,3,"1-3",1,1,1,1,1,0,1
"21bed3fc-336e-4658-9229-acb38f0c0658",56,4,4.6986301369863,0.629405509133493,3,12,"CP","CP",3,"large","lion",7,NA,7,"lion",5,7,"5-7",1,7,1,1,1,0,1
"21bed3fc-336e-4658-9229-acb38f0c0658",56,4,4.6986301369863,0.629405509133493,3,12,"CP","CP",4,"large","bunny",8,NA,8,"bunny",8,5,"5-8",1,8,1,1,1,0,1
"21bed3fc-336e-4658-9229-acb38f0c0658",56,4,4.6986301369863,0.629405509133493,3,12,"CP","CP",5,"small","lion",1,NA,1,"lion",2,1,"1-2",1,1,1,1,1,0,1
"21bed3fc-336e-4658-9229-acb38f0c0658",56,4,4.6986301369863,0.629405509133493,3,12,"CP","CP",6,"large","bunny",6,NA,6,"bunny",6,7,"6-7",1,6,1,1,1,0,1
"3b6ba10b-c960-4835-817e-2b85af446cf9",50,4,4.20547945205479,0.0703480620867199,5,2,"CP","CP",1,"small","lion",1,NA,1,"lion",3,1,"1-3",1,1,1,1,1,0,1
"3b6ba10b-c960-4835-817e-2b85af446cf9",50,4,4.20547945205479,0.0703480620867199,5,2,"CP","CP",2,"small","bunny",2,NA,2,"lion",2,1,"1-2",0,1,0,0,0,1,1
"3b6ba10b-c960-4835-817e-2b85af446cf9",50,4,4.20547945205479,0.0703480620867199,5,2,"CP","CP",3,"large","bunny",7,NA,7,"bunny",7,6,"6-7",1,7,1,1,1,0,1
"3b6ba10b-c960-4835-817e-2b85af446cf9",50,4,4.20547945205479,0.0703480620867199,5,2,"CP","CP",4,"small","lion",3,NA,3,"lion",2,3,"2-3",1,3,1,1,1,0,1
"3b6ba10b-c960-4835-817e-2b85af446cf9",50,4,4.20547945205479,0.0703480620867199,5,2,"CP","CP",5,"large","bunny",5,NA,5,"bunny",5,8,"5-8",1,5,1,1,1,0,1
"3b6ba10b-c960-4835-817e-2b85af446cf9",50,4,4.20547945205479,0.0703480620867199,5,2,"CP","CP",6,"large","bunny",7,NA,7,"bunny",7,5,"5-7",1,7,1,1,1,0,1
"43b8b342-9e60-411c-9437-7b00ace63264",43,3,3.58356164383562,-0.634685496133379,3,7,"2","subset",1,"small",NA,6,5,5,"lion",2,3,"2-3",0,3,0,0,0,2,0
"43b8b342-9e60-411c-9437-7b00ace63264",43,3,3.58356164383562,-0.634685496133379,3,7,"2","subset",2,"small",NA,4,3,3,"bunny",1,3,"1-3",0,1,0,0,0,2,0
"43b8b342-9e60-411c-9437-7b00ace63264",43,3,3.58356164383562,-0.634685496133379,3,7,"2","subset",3,"large",NA,5,7,7,"lion",5,7,"5-7",0,7,1,1,0,0,1
"43b8b342-9e60-411c-9437-7b00ace63264",43,3,3.58356164383562,-0.634685496133379,3,7,"2","subset",4,"large",NA,3,5,5,"bunny",8,5,"5-8",0,8,0,0,0,-3,0
"43b8b342-9e60-411c-9437-7b00ace63264",43,3,3.58356164383562,-0.634685496133379,3,7,"2","subset",5,"small",NA,1,NA,1,"lion",2,1,"1-2",0,1,1,1,0,0,1
"43b8b342-9e60-411c-9437-7b00ace63264",43,3,3.58356164383562,-0.634685496133379,3,7,"2","subset",6,"large",NA,4,NA,4,"bunny",6,7,"6-7",0,6,0,0,0,-2,0
"c5b18584-061a-4f59-ba7e-58c4ae5fd9b4",60,5,5.03835616438356,1.0145339726546,6,10,"4","subset",1,"large","lion",6,5,5,"lion",8,5,"5-8",1,5,1,1,1,0,1
"c5b18584-061a-4f59-ba7e-58c4ae5fd9b4",60,5,5.03835616438356,1.0145339726546,6,10,"4","subset",2,"small","lion",2,NA,2,"lion",1,2,"1-2",1,2,1,1,1,0,1
"c5b18584-061a-4f59-ba7e-58c4ae5fd9b4",60,5,5.03835616438356,1.0145339726546,6,10,"4","subset",3,"small","bunny",3,NA,3,"bunny",3,1,"1-3",1,3,1,1,1,0,1
"c5b18584-061a-4f59-ba7e-58c4ae5fd9b4",60,5,5.03835616438356,1.0145339726546,6,10,"4","subset",4,"large","bunny",6,NA,6,"bunny",6,7,"6-7",1,6,1,1,1,0,1
"c5b18584-061a-4f59-ba7e-58c4ae5fd9b4",60,5,5.03835616438356,1.0145339726546,6,10,"4","subset",5,"small","lion",2,NA,2,"lion",3,2,"2-3",1,2,1,1,1,0,1
"c5b18584-061a-4f59-ba7e-58c4ae5fd9b4",60,5,5.03835616438356,1.0145339726546,6,10,"4","subset",6,"large","bunny",7,NA,7,"bunny",7,5,"5-7",1,7,1,1,1,0,1
"0571ad8b-d5a3-47b9-b45f-2613ce862980",70,5,5.9013698630137,1.99288450498646,1,29,"CP","CP",1,"small",NA,1,NA,1,"lion",3,1,"1-3",0,1,1,1,0,0,1
"0571ad8b-d5a3-47b9-b45f-2613ce862980",70,5,5.9013698630137,1.99288450498646,1,29,"CP","CP",2,"large","lion",7,NA,7,"lion",5,7,"5-7",1,7,1,1,1,0,1
"0571ad8b-d5a3-47b9-b45f-2613ce862980",70,5,5.9013698630137,1.99288450498646,1,29,"CP","CP",3,"large","bunny",6,NA,6,"bunny",6,7,"6-7",1,6,1,1,1,0,1
"0571ad8b-d5a3-47b9-b45f-2613ce862980",70,5,5.9013698630137,1.99288450498646,1,29,"CP","CP",4,"small","bunny",2,NA,2,"bunny",2,3,"2-3",1,2,1,1,1,0,1
"0571ad8b-d5a3-47b9-b45f-2613ce862980",70,5,5.9013698630137,1.99288450498646,1,29,"CP","CP",5,"small","lion",2,NA,2,"lion",1,2,"1-2",1,2,1,1,1,0,1
"0571ad8b-d5a3-47b9-b45f-2613ce862980",70,5,5.9013698630137,1.99288450498646,1,29,"CP","CP",6,"large","bunny",8,NA,8,"bunny",8,5,"5-8",1,8,1,1,1,0,1
"b4fcbd53-5ca2-4f83-bea5-a82109c8d9db",60,5,5.05479452054795,1.0331692208895,6,13,"CP","CP",1,"large","lion",5,NA,5,"lion",8,5,"5-8",1,5,1,1,1,0,1
"b4fcbd53-5ca2-4f83-bea5-a82109c8d9db",60,5,5.05479452054795,1.0331692208895,6,13,"CP","CP",2,"small","lion",2,NA,2,"lion",1,2,"1-2",1,2,1,1,1,0,1
"b4fcbd53-5ca2-4f83-bea5-a82109c8d9db",60,5,5.05479452054795,1.0331692208895,6,13,"CP","CP",3,"small","bunny",3,NA,3,"bunny",3,1,"1-3",1,3,1,1,1,0,1
"b4fcbd53-5ca2-4f83-bea5-a82109c8d9db",60,5,5.05479452054795,1.0331692208895,6,13,"CP","CP",4,"large","bunny",5,6,6,"bunny",6,7,"6-7",1,6,1,1,1,0,1
"b4fcbd53-5ca2-4f83-bea5-a82109c8d9db",60,5,5.05479452054795,1.0331692208895,6,13,"CP","CP",5,"small","lion",2,NA,2,"lion",3,2,"2-3",1,2,1,1,1,0,1
"b4fcbd53-5ca2-4f83-bea5-a82109c8d9db",60,5,5.05479452054795,1.0331692208895,6,13,"CP","CP",6,"large","bunny",7,NA,7,"bunny",7,5,"5-7",1,7,1,1,1,0,1
"4cca90d9-de82-4985-b2f8-c1e35ce5440b",59,4,4.93424657534247,0.896510733833619,1,59,"CP","CP",1,"small","lion",1,NA,1,"lion",3,1,"1-3",1,1,1,1,1,0,1
"4cca90d9-de82-4985-b2f8-c1e35ce5440b",59,4,4.93424657534247,0.896510733833619,1,59,"CP","CP",2,"large","lion",7,NA,7,"lion",5,7,"5-7",1,7,1,1,1,0,1
"4cca90d9-de82-4985-b2f8-c1e35ce5440b",59,4,4.93424657534247,0.896510733833619,1,59,"CP","CP",3,"large","bunny",6,NA,6,"bunny",6,7,"6-7",1,6,1,1,1,0,1
"4cca90d9-de82-4985-b2f8-c1e35ce5440b",59,4,4.93424657534247,0.896510733833619,1,59,"CP","CP",4,"small","bunny",2,NA,2,"bunny",2,3,"2-3",1,2,1,1,1,0,1
"4cca90d9-de82-4985-b2f8-c1e35ce5440b",59,4,4.93424657534247,0.896510733833619,1,59,"CP","CP",5,"small","lion",2,NA,2,"lion",1,2,"1-2",1,2,1,1,1,0,1
"4cca90d9-de82-4985-b2f8-c1e35ce5440b",59,4,4.93424657534247,0.896510733833619,1,59,"CP","CP",6,"large","bunny",8,NA,8,"bunny",8,5,"5-8",1,8,1,1,1,0,1
"3e7cb505-7720-45ec-add1-135a56fe42a9",49,4,4.14520547945205,0.00201881855878044,2,14,"CP","CP",1,"large","lion",7,NA,7,"lion",6,7,"6-7",1,7,1,1,1,0,1
"3e7cb505-7720-45ec-add1-135a56fe42a9",49,4,4.14520547945205,0.00201881855878044,2,14,"CP","CP",2,"small","bunny",1,NA,1,"bunny",1,2,"1-2",1,1,1,1,1,0,1
"3e7cb505-7720-45ec-add1-135a56fe42a9",49,4,4.14520547945205,0.00201881855878044,2,14,"CP","CP",3,"large","bunny",6,7,7,"bunny",7,5,"5-7",1,7,1,1,1,0,1
"3e7cb505-7720-45ec-add1-135a56fe42a9",49,4,4.14520547945205,0.00201881855878044,2,14,"CP","CP",4,"small","lion",1,NA,1,"lion",3,1,"1-3",1,1,1,1,1,0,1
"3e7cb505-7720-45ec-add1-135a56fe42a9",49,4,4.14520547945205,0.00201881855878044,2,14,"CP","CP",5,"large","bunny",5,NA,5,"bunny",5,8,"5-8",1,5,1,1,1,0,1
"3e7cb505-7720-45ec-add1-135a56fe42a9",49,4,4.14520547945205,0.00201881855878044,2,14,"CP","CP",6,"small","bunny",2,NA,2,"lion",2,3,"2-3",0,3,0,0,0,-1,1
"290cf8a7-04cc-4afb-b9a0-269b23c02b54",49,4,4.13698630136986,-0.00729880555866613,2,2,"1","subset",1,"large",NA,3,NA,3,"lion",6,7,"6-7",0,7,0,0,0,-4,0
"290cf8a7-04cc-4afb-b9a0-269b23c02b54",49,4,4.13698630136986,-0.00729880555866613,2,2,"1","subset",2,"small",NA,3,NA,3,"bunny",1,2,"1-2",0,1,0,0,0,2,0
"290cf8a7-04cc-4afb-b9a0-269b23c02b54",49,4,4.13698630136986,-0.00729880555866613,2,2,"1","subset",3,"large","bunny",4,3,3,"bunny",7,5,"5-7",1,7,0,1,0,-4,0
"290cf8a7-04cc-4afb-b9a0-269b23c02b54",49,4,4.13698630136986,-0.00729880555866613,2,2,"1","subset",4,"small",NA,3,1,1,"lion",3,1,"1-3",0,1,1,1,0,0,1
"290cf8a7-04cc-4afb-b9a0-269b23c02b54",49,4,4.13698630136986,-0.00729880555866613,2,2,"1","subset",5,"large",NA,3,NA,3,"bunny",5,8,"5-8",0,5,0,0,0,-2,0
"290cf8a7-04cc-4afb-b9a0-269b23c02b54",49,4,4.13698630136986,-0.00729880555866613,2,2,"1","subset",6,"small",NA,3,NA,3,"lion",2,3,"2-3",0,3,1,1,0,0,1
"a12b3204-79cb-43e0-a0c7-f37c909afb13",41,3,3.48493150684931,-0.746496985542733,2,12,"CP","CP",1,"large",NA,10,NA,10,"lion",6,7,"6-7",0,7,0,0,0,3,0
"a12b3204-79cb-43e0-a0c7-f37c909afb13",41,3,3.48493150684931,-0.746496985542733,2,12,"CP","CP",2,"small",NA,NA,NA,NA,"bunny",1,2,"1-2",0,1,0,0,0,NA,0
"a12b3204-79cb-43e0-a0c7-f37c909afb13",41,3,3.48493150684931,-0.746496985542733,2,12,"CP","CP",3,"large",NA,10,NA,10,"bunny",7,5,"5-7",0,7,0,0,0,3,0
"a12b3204-79cb-43e0-a0c7-f37c909afb13",41,3,3.48493150684931,-0.746496985542733,2,12,"CP","CP",4,"small",NA,10,NA,10,"lion",3,1,"1-3",0,1,0,0,0,9,0
"a12b3204-79cb-43e0-a0c7-f37c909afb13",41,3,3.48493150684931,-0.746496985542733,2,12,"CP","CP",5,"large",NA,10,NA,10,"bunny",5,8,"5-8",0,5,0,0,0,5,0
"a12b3204-79cb-43e0-a0c7-f37c909afb13",41,3,3.48493150684931,-0.746496985542733,2,12,"CP","CP",6,"small",NA,10,2,2,"lion",2,3,"2-3",0,3,0,0,0,-1,1
"16828566-c88f-45af-ab9f-24a7d74183be",57,4,4.81917808219178,0.766063996189371,2,49,"CP","CP",1,"large","lion",8,7,7,"lion",6,7,"6-7",1,7,1,1,1,0,1
"16828566-c88f-45af-ab9f-24a7d74183be",57,4,4.81917808219178,0.766063996189371,2,49,"CP","CP",2,"small","bunny",1,NA,1,"bunny",1,2,"1-2",1,1,1,1,1,0,1
"16828566-c88f-45af-ab9f-24a7d74183be",57,4,4.81917808219178,0.766063996189371,2,49,"CP","CP",3,"large","bunny",5,NA,5,"bunny",7,5,"5-7",1,7,0,1,0,-2,0
"16828566-c88f-45af-ab9f-24a7d74183be",57,4,4.81917808219178,0.766063996189371,2,49,"CP","CP",4,"small","lion",1,NA,1,"lion",3,1,"1-3",1,1,1,1,1,0,1
"16828566-c88f-45af-ab9f-24a7d74183be",57,4,4.81917808219178,0.766063996189371,2,49,"CP","CP",5,"large","bunny",5,NA,5,"bunny",5,8,"5-8",1,5,1,1,1,0,1
"16828566-c88f-45af-ab9f-24a7d74183be",57,4,4.81917808219178,0.766063996189371,2,49,"CP","CP",6,"small","lion",3,NA,3,"lion",2,3,"2-3",1,3,1,1,1,0,1
"5bc3dbf9-80eb-4786-9a24-d29631e2ed4d",62,5,5.2,1.19778058029771,3,14,"4","subset",1,"small","lion",3,NA,3,"lion",2,3,"2-3",1,3,1,1,1,0,1
"5bc3dbf9-80eb-4786-9a24-d29631e2ed4d",62,5,5.2,1.19778058029771,3,14,"4","subset",2,"small","bunny",1,NA,1,"bunny",1,3,"1-3",1,1,1,1,1,0,1
"5bc3dbf9-80eb-4786-9a24-d29631e2ed4d",62,5,5.2,1.19778058029771,3,14,"4","subset",3,"large","lion",5,7,7,"lion",5,7,"5-7",1,7,1,1,1,0,1
"5bc3dbf9-80eb-4786-9a24-d29631e2ed4d",62,5,5.2,1.19778058029771,3,14,"4","subset",4,"large","bunny",6,8,8,"bunny",8,5,"5-8",1,8,1,1,1,0,1
"5bc3dbf9-80eb-4786-9a24-d29631e2ed4d",62,5,5.2,1.19778058029771,3,14,"4","subset",5,"small","lion",1,NA,1,"lion",2,1,"1-2",1,1,1,1,1,0,1
"5bc3dbf9-80eb-4786-9a24-d29631e2ed4d",62,5,5.2,1.19778058029771,3,14,"4","subset",6,"large","lion",5,7,7,"bunny",6,7,"6-7",0,6,0,0,0,1,1
"6b2a3c49-2e54-4dd3-9e37-f97c1e5a4f7e",61,5,5.0986301369863,1.08286321618254,4,100,"CP","CP",1,"large","bunny",5,NA,5,"bunny",5,8,"5-8",1,5,1,1,1,0,1
"6b2a3c49-2e54-4dd3-9e37-f97c1e5a4f7e",61,5,5.0986301369863,1.08286321618254,4,100,"CP","CP",2,"large","lion",7,NA,7,"lion",6,7,"6-7",1,7,1,1,1,0,1
"6b2a3c49-2e54-4dd3-9e37-f97c1e5a4f7e",61,5,5.0986301369863,1.08286321618254,4,100,"CP","CP",3,"small","lion",2,NA,2,"lion",1,2,"1-2",1,2,1,1,1,0,1
"6b2a3c49-2e54-4dd3-9e37-f97c1e5a4f7e",61,5,5.0986301369863,1.08286321618254,4,100,"CP","CP",4,"large","bunny",7,NA,7,"bunny",7,5,"5-7",1,7,1,1,1,0,1
"6b2a3c49-2e54-4dd3-9e37-f97c1e5a4f7e",61,5,5.0986301369863,1.08286321618254,4,100,"CP","CP",5,"small",NA,NA,NA,NA,"lion",3,2,"2-3",0,2,0,0,0,NA,0
"6b2a3c49-2e54-4dd3-9e37-f97c1e5a4f7e",61,5,5.0986301369863,1.08286321618254,4,100,"CP","CP",6,"small","bunny",3,NA,3,"bunny",3,1,"1-3",1,3,1,1,1,0,1
"cd16cc08-c2fe-4931-ac54-35a75f56f3bd",53,4,4.42739726027397,0.321923913257767,1,29,"CP","CP",1,"small","lion",1,NA,1,"lion",3,1,"1-3",1,1,1,1,1,0,1
"cd16cc08-c2fe-4931-ac54-35a75f56f3bd",53,4,4.42739726027397,0.321923913257767,1,29,"CP","CP",2,"large","lion",7,NA,7,"lion",5,7,"5-7",1,7,1,1,1,0,1
"cd16cc08-c2fe-4931-ac54-35a75f56f3bd",53,4,4.42739726027397,0.321923913257767,1,29,"CP","CP",3,"large","bunny",6,NA,6,"bunny",6,7,"6-7",1,6,1,1,1,0,1
"cd16cc08-c2fe-4931-ac54-35a75f56f3bd",53,4,4.42739726027397,0.321923913257767,1,29,"CP","CP",4,"small","bunny",2,NA,2,"bunny",2,3,"2-3",1,2,1,1,1,0,1
"cd16cc08-c2fe-4931-ac54-35a75f56f3bd",53,4,4.42739726027397,0.321923913257767,1,29,"CP","CP",5,"small","lion",2,NA,2,"lion",1,2,"1-2",1,2,1,1,1,0,1
"cd16cc08-c2fe-4931-ac54-35a75f56f3bd",53,4,4.42739726027397,0.321923913257767,1,29,"CP","CP",6,"large","lion",5,NA,5,"bunny",8,5,"5-8",0,8,0,0,0,-3,0
"f827db33-236b-4bef-9ebf-0d5bee60795a",53,4,4.47397260273973,0.37472378325663,2,12,"CP","CP",1,"large","lion",7,NA,7,"lion",6,7,"6-7",1,7,1,1,1,0,1
"f827db33-236b-4bef-9ebf-0d5bee60795a",53,4,4.47397260273973,0.37472378325663,2,12,"CP","CP",2,"small","bunny",1,NA,1,"bunny",1,2,"1-2",1,1,1,1,1,0,1
"f827db33-236b-4bef-9ebf-0d5bee60795a",53,4,4.47397260273973,0.37472378325663,2,12,"CP","CP",3,"large","lion",7,NA,7,"bunny",7,5,"5-7",0,7,1,1,0,0,1
"f827db33-236b-4bef-9ebf-0d5bee60795a",53,4,4.47397260273973,0.37472378325663,2,12,"CP","CP",4,"small","lion",3,1,1,"lion",3,1,"1-3",1,1,1,1,1,0,1
"f827db33-236b-4bef-9ebf-0d5bee60795a",53,4,4.47397260273973,0.37472378325663,2,12,"CP","CP",5,"large","bunny",5,NA,5,"bunny",5,8,"5-8",1,5,1,1,1,0,1
"f827db33-236b-4bef-9ebf-0d5bee60795a",53,4,4.47397260273973,0.37472378325663,2,12,"CP","CP",6,"small","lion",3,NA,3,"lion",2,3,"2-3",1,3,1,1,1,0,1
"735dba14-1ea1-40b7-aa66-dce533793411",36,3,3.07945205479452,-1.20616644200341,3,100,"CP","CP",1,"small","lion",3,NA,3,"lion",2,3,"2-3",1,3,1,1,1,0,1
"735dba14-1ea1-40b7-aa66-dce533793411",36,3,3.07945205479452,-1.20616644200341,3,100,"CP","CP",2,"small","bunny",1,NA,1,"bunny",1,3,"1-3",1,1,1,1,1,0,1
"735dba14-1ea1-40b7-aa66-dce533793411",36,3,3.07945205479452,-1.20616644200341,3,100,"CP","CP",3,"large","lion",7,NA,7,"lion",5,7,"5-7",1,7,1,1,1,0,1
"735dba14-1ea1-40b7-aa66-dce533793411",36,3,3.07945205479452,-1.20616644200341,3,100,"CP","CP",4,"large","bunny",8,NA,8,"bunny",8,5,"5-8",1,8,1,1,1,0,1
"735dba14-1ea1-40b7-aa66-dce533793411",36,3,3.07945205479452,-1.20616644200341,3,100,"CP","CP",5,"small","lion",1,NA,1,"lion",2,1,"1-2",1,1,1,1,1,0,1
"735dba14-1ea1-40b7-aa66-dce533793411",36,3,3.07945205479452,-1.20616644200341,3,100,"CP","CP",6,"large","bunny",6,NA,6,"bunny",6,7,"6-7",1,6,1,1,1,0,1
"ded76d87-c16e-47d6-83de-adff364a08f1",39,3,3.24931506849315,-1.01360221024286,1,3,"3","subset",1,"small",NA,NA,NA,NA,"lion",3,1,"1-3",0,1,0,0,0,NA,0
"ded76d87-c16e-47d6-83de-adff364a08f1",39,3,3.24931506849315,-1.01360221024286,1,3,"3","subset",2,"large",NA,5,NA,5,"lion",5,7,"5-7",0,7,0,0,0,-2,0
"ded76d87-c16e-47d6-83de-adff364a08f1",39,3,3.24931506849315,-1.01360221024286,1,3,"3","subset",3,"large",NA,NA,NA,NA,"bunny",6,7,"6-7",0,6,0,0,0,NA,0
"ded76d87-c16e-47d6-83de-adff364a08f1",39,3,3.24931506849315,-1.01360221024286,1,3,"3","subset",4,"small",NA,5,NA,5,"bunny",2,3,"2-3",0,2,0,0,0,3,0
"ded76d87-c16e-47d6-83de-adff364a08f1",39,3,3.24931506849315,-1.01360221024286,1,3,"3","subset",5,"small",NA,5,NA,5,"lion",1,2,"1-2",0,2,0,0,0,3,0
"ded76d87-c16e-47d6-83de-adff364a08f1",39,3,3.24931506849315,-1.01360221024286,1,3,"3","subset",6,"large",NA,NA,NA,NA,"bunny",8,5,"5-8",0,8,0,0,0,NA,0
"0f184f96-3761-4a9b-a224-460a82b3c2ee",67,5,5.61643835616438,1.66987353558166,4,39,"CP","CP",1,"large","bunny",3,5,5,"bunny",5,8,"5-8",1,5,1,1,1,0,1
"0f184f96-3761-4a9b-a224-460a82b3c2ee",67,5,5.61643835616438,1.66987353558166,4,39,"CP","CP",2,"large","lion",4,10,10,"lion",6,7,"6-7",1,7,0,1,0,3,0
"0f184f96-3761-4a9b-a224-460a82b3c2ee",67,5,5.61643835616438,1.66987353558166,4,39,"CP","CP",3,"small","lion",2,NA,2,"lion",1,2,"1-2",1,2,1,1,1,0,1
"0f184f96-3761-4a9b-a224-460a82b3c2ee",67,5,5.61643835616438,1.66987353558166,4,39,"CP","CP",4,"large","bunny",10,7,7,"bunny",7,5,"5-7",1,7,1,1,1,0,1
"0f184f96-3761-4a9b-a224-460a82b3c2ee",67,5,5.61643835616438,1.66987353558166,4,39,"CP","CP",5,"small","lion",2,NA,2,"lion",3,2,"2-3",1,2,1,1,1,0,1
"0f184f96-3761-4a9b-a224-460a82b3c2ee",67,5,5.61643835616438,1.66987353558166,4,39,"CP","CP",6,"small","bunny",3,NA,3,"bunny",3,1,"1-3",1,3,1,1,1,0,1
"153b3d4c-ab40-40a6-ae0c-46542b90c82a",71,5,5.94794520547945,2.04568437498532,5,48,"CP","CP",1,"small","bunny",4,3,3,"lion",3,1,"1-3",0,1,0,0,0,2,0
"153b3d4c-ab40-40a6-ae0c-46542b90c82a",71,5,5.94794520547945,2.04568437498532,5,48,"CP","CP",2,"small","lion",1,NA,1,"lion",2,1,"1-2",1,1,1,1,1,0,1
"153b3d4c-ab40-40a6-ae0c-46542b90c82a",71,5,5.94794520547945,2.04568437498532,5,48,"CP","CP",3,"large",NA,NA,NA,NA,"bunny",7,6,"6-7",0,7,0,0,0,NA,0
"153b3d4c-ab40-40a6-ae0c-46542b90c82a",71,5,5.94794520547945,2.04568437498532,5,48,"CP","CP",4,"small","lion",3,NA,3,"lion",2,3,"2-3",1,3,1,1,1,0,1
"153b3d4c-ab40-40a6-ae0c-46542b90c82a",71,5,5.94794520547945,2.04568437498532,5,48,"CP","CP",5,"large","bunny",5,NA,5,"bunny",5,8,"5-8",1,5,1,1,1,0,1
"153b3d4c-ab40-40a6-ae0c-46542b90c82a",71,5,5.94794520547945,2.04568437498532,5,48,"CP","CP",6,"large","lion",6,NA,6,"bunny",7,5,"5-7",0,7,0,0,0,-1,1
"a4f3ea62-fab3-42fa-ba16-27d75326e74c",54,4,4.56712328767123,0.480323523254354,6,15,"CP","CP",1,"large","lion",5,NA,5,"lion",8,5,"5-8",1,5,1,1,1,0,1
"a4f3ea62-fab3-42fa-ba16-27d75326e74c",54,4,4.56712328767123,0.480323523254354,6,15,"CP","CP",2,"small","lion",2,NA,2,"lion",1,2,"1-2",1,2,1,1,1,0,1
"a4f3ea62-fab3-42fa-ba16-27d75326e74c",54,4,4.56712328767123,0.480323523254354,6,15,"CP","CP",3,"small","bunny",3,NA,3,"bunny",3,1,"1-3",1,3,1,1,1,0,1
"a4f3ea62-fab3-42fa-ba16-27d75326e74c",54,4,4.56712328767123,0.480323523254354,6,15,"CP","CP",4,"large","bunny",6,NA,6,"bunny",6,7,"6-7",1,6,1,1,1,0,1
"a4f3ea62-fab3-42fa-ba16-27d75326e74c",54,4,4.56712328767123,0.480323523254354,6,15,"CP","CP",5,"small","lion",2,NA,2,"lion",3,2,"2-3",1,2,1,1,1,0,1
"a4f3ea62-fab3-42fa-ba16-27d75326e74c",54,4,4.56712328767123,0.480323523254354,6,15,"CP","CP",6,"large","bunny",7,NA,7,"bunny",7,5,"5-7",1,7,1,1,1,0,1
"d33ae3f6-52fb-4c72-b3f9-26770a5a6aea",62,5,5.1972602739726,1.1946747055919,3,79,"CP","CP",1,"small","lion",3,NA,3,"lion",2,3,"2-3",1,3,1,1,1,0,1
"d33ae3f6-52fb-4c72-b3f9-26770a5a6aea",62,5,5.1972602739726,1.1946747055919,3,79,"CP","CP",2,"small","bunny",1,NA,1,"bunny",1,3,"1-3",1,1,1,1,1,0,1
"d33ae3f6-52fb-4c72-b3f9-26770a5a6aea",62,5,5.1972602739726,1.1946747055919,3,79,"CP","CP",3,"large","lion",7,NA,7,"lion",5,7,"5-7",1,7,1,1,1,0,1
"d33ae3f6-52fb-4c72-b3f9-26770a5a6aea",62,5,5.1972602739726,1.1946747055919,3,79,"CP","CP",4,"large","bunny",8,NA,8,"bunny",8,5,"5-8",1,8,1,1,1,0,1
"d33ae3f6-52fb-4c72-b3f9-26770a5a6aea",62,5,5.1972602739726,1.1946747055919,3,79,"CP","CP",5,"small","lion",1,NA,1,"lion",2,1,"1-2",1,1,1,1,1,0,1
"d33ae3f6-52fb-4c72-b3f9-26770a5a6aea",62,5,5.1972602739726,1.1946747055919,3,79,"CP","CP",6,"large","bunny",6,NA,6,"bunny",6,7,"6-7",1,6,1,1,1,0,1
"e254df2a-95ca-4a33-b220-a36f76439e5b",28,2,2.37260273972603,-2.00748211610379,3,NA,"3","subset",1,"small",NA,2,NA,2,"lion",2,3,"2-3",0,3,0,0,0,-1,1
"e254df2a-95ca-4a33-b220-a36f76439e5b",28,2,2.37260273972603,-2.00748211610379,3,NA,"3","subset",2,"small",NA,1,NA,1,"bunny",1,3,"1-3",0,1,1,1,0,0,1
"e254df2a-95ca-4a33-b220-a36f76439e5b",28,2,2.37260273972603,-2.00748211610379,3,NA,"3","subset",3,"large",NA,5,NA,5,"lion",5,7,"5-7",0,7,0,0,0,-2,0
"e254df2a-95ca-4a33-b220-a36f76439e5b",28,2,2.37260273972603,-2.00748211610379,3,NA,"3","subset",4,"large",NA,4,NA,4,"bunny",8,5,"5-8",0,8,0,0,0,-4,0
"e254df2a-95ca-4a33-b220-a36f76439e5b",28,2,2.37260273972603,-2.00748211610379,3,NA,"3","subset",5,"small",NA,4,NA,4,"lion",2,1,"1-2",0,1,0,0,0,3,0
"e254df2a-95ca-4a33-b220-a36f76439e5b",28,2,2.37260273972603,-2.00748211610379,3,NA,"3","subset",6,"large",NA,7,NA,7,"bunny",6,7,"6-7",0,6,0,0,0,1,1
"40e78a41-c27a-46fc-8d21-c24c228c11d1",32,2,2.66849315068493,-1.67204764787573,3,10,"3","subset",1,"small",NA,5,NA,5,"lion",2,3,"2-3",0,3,0,0,0,2,0
"40e78a41-c27a-46fc-8d21-c24c228c11d1",32,2,2.66849315068493,-1.67204764787573,3,10,"3","subset",2,"small",NA,5,NA,5,"bunny",1,3,"1-3",0,1,0,0,0,4,0
"40e78a41-c27a-46fc-8d21-c24c228c11d1",32,2,2.66849315068493,-1.67204764787573,3,10,"3","subset",3,"large",NA,5,NA,5,"lion",5,7,"5-7",0,7,0,0,0,-2,0
"40e78a41-c27a-46fc-8d21-c24c228c11d1",32,2,2.66849315068493,-1.67204764787573,3,10,"3","subset",4,"large",NA,5,NA,5,"bunny",8,5,"5-8",0,8,0,0,0,-3,0
"40e78a41-c27a-46fc-8d21-c24c228c11d1",32,2,2.66849315068493,-1.67204764787573,3,10,"3","subset",5,"small",NA,5,NA,5,"lion",2,1,"1-2",0,1,0,0,0,4,0
"40e78a41-c27a-46fc-8d21-c24c228c11d1",32,2,2.66849315068493,-1.67204764787573,3,10,"3","subset",6,"large",NA,5,NA,5,"bunny",6,7,"6-7",0,6,0,0,0,-1,1
"db6a0004-9b6e-4c32-8a92-55715700c4e5",51,4,4.32328767123288,0.203900674436782,5,NA,"3","subset",1,"small",NA,4,NA,4,"lion",3,1,"1-3",0,1,0,0,0,3,0
"db6a0004-9b6e-4c32-8a92-55715700c4e5",51,4,4.32328767123288,0.203900674436782,5,NA,"3","subset",2,"small",NA,4,NA,4,"lion",2,1,"1-2",0,1,0,0,0,3,0
"db6a0004-9b6e-4c32-8a92-55715700c4e5",51,4,4.32328767123288,0.203900674436782,5,NA,"3","subset",3,"large",NA,6,NA,6,"bunny",7,6,"6-7",0,7,0,0,0,-1,1
"db6a0004-9b6e-4c32-8a92-55715700c4e5",51,4,4.32328767123288,0.203900674436782,5,NA,"3","subset",4,"small",NA,4,NA,4,"lion",2,3,"2-3",0,3,0,0,0,1,1
"db6a0004-9b6e-4c32-8a92-55715700c4e5",51,4,4.32328767123288,0.203900674436782,5,NA,"3","subset",5,"large",NA,6,NA,6,"bunny",5,8,"5-8",0,5,0,0,0,1,1
"db6a0004-9b6e-4c32-8a92-55715700c4e5",51,4,4.32328767123288,0.203900674436782,5,NA,"3","subset",6,"large",NA,6,NA,6,"bunny",7,5,"5-7",0,7,0,0,0,-1,1
"d08f4f08-1365-4274-a802-278e8e6de696",62,5,5.2027397260274,1.20088645500353,5,12,"CP","CP",1,"small","lion",1,NA,1,"lion",3,1,"1-3",1,1,1,1,1,0,1
"d08f4f08-1365-4274-a802-278e8e6de696",62,5,5.2027397260274,1.20088645500353,5,12,"CP","CP",2,"small","lion",1,NA,1,"lion",2,1,"1-2",1,1,1,1,1,0,1
"d08f4f08-1365-4274-a802-278e8e6de696",62,5,5.2027397260274,1.20088645500353,5,12,"CP","CP",3,"large","bunny",7,NA,7,"bunny",7,6,"6-7",1,7,1,1,1,0,1
"d08f4f08-1365-4274-a802-278e8e6de696",62,5,5.2027397260274,1.20088645500353,5,12,"CP","CP",4,"small","lion",3,NA,3,"lion",2,3,"2-3",1,3,1,1,1,0,1
"d08f4f08-1365-4274-a802-278e8e6de696",62,5,5.2027397260274,1.20088645500353,5,12,"CP","CP",5,"large","bunny",5,NA,5,"bunny",5,8,"5-8",1,5,1,1,1,0,1
"d08f4f08-1365-4274-a802-278e8e6de696",62,5,5.2027397260274,1.20088645500353,5,12,"CP","CP",6,"large","bunny",7,NA,7,"bunny",7,5,"5-7",1,7,1,1,1,0,1
"ee8e7532-1223-4289-b60e-38c3c0804f91",62,5,5.2027397260274,1.20088645500353,4,26,"CP","CP",1,"large","bunny",5,6,6,"bunny",5,8,"5-8",1,5,0,1,0,1,1
"ee8e7532-1223-4289-b60e-38c3c0804f91",62,5,5.2027397260274,1.20088645500353,4,26,"CP","CP",2,"large","lion",8,NA,8,"lion",6,7,"6-7",1,7,0,1,0,1,1
"ee8e7532-1223-4289-b60e-38c3c0804f91",62,5,5.2027397260274,1.20088645500353,4,26,"CP","CP",3,"small","lion",2,NA,2,"lion",1,2,"1-2",1,2,1,1,1,0,1
"ee8e7532-1223-4289-b60e-38c3c0804f91",62,5,5.2027397260274,1.20088645500353,4,26,"CP","CP",4,"large","bunny",8,NA,8,"bunny",7,5,"5-7",1,7,0,1,0,1,1
"ee8e7532-1223-4289-b60e-38c3c0804f91",62,5,5.2027397260274,1.20088645500353,4,26,"CP","CP",5,"small","bunny",3,NA,3,"lion",3,2,"2-3",0,2,0,0,0,1,1
"ee8e7532-1223-4289-b60e-38c3c0804f91",62,5,5.2027397260274,1.20088645500353,4,26,"CP","CP",6,"small","lion",1,NA,1,"bunny",3,1,"1-3",0,3,0,0,0,-2,0
"43982895-66ca-4df8-adc9-e9cd87d0189f",27,2,2.26027397260274,-2.13482297904222,3,1,"1","subset",1,"small",NA,NA,NA,NA,"lion",2,3,"2-3",0,3,0,0,0,NA,0
"43982895-66ca-4df8-adc9-e9cd87d0189f",27,2,2.26027397260274,-2.13482297904222,3,1,"1","subset",2,"small",NA,NA,NA,NA,"bunny",1,3,"1-3",0,1,0,0,0,NA,0
"43982895-66ca-4df8-adc9-e9cd87d0189f",27,2,2.26027397260274,-2.13482297904222,3,1,"1","subset",3,"large",NA,NA,NA,NA,"lion",5,7,"5-7",0,7,0,0,0,NA,0
"43982895-66ca-4df8-adc9-e9cd87d0189f",27,2,2.26027397260274,-2.13482297904222,3,1,"1","subset",4,"large",NA,NA,NA,NA,"bunny",8,5,"5-8",0,8,0,0,0,NA,0
"43982895-66ca-4df8-adc9-e9cd87d0189f",27,2,2.26027397260274,-2.13482297904222,3,1,"1","subset",5,"small",NA,NA,NA,NA,"lion",2,1,"1-2",0,1,0,0,0,NA,0
"43982895-66ca-4df8-adc9-e9cd87d0189f",27,2,2.26027397260274,-2.13482297904222,3,1,"1","subset",6,"large",NA,NA,NA,NA,"bunny",6,7,"6-7",0,6,0,0,0,NA,0
"34f1a759-5e50-43c2-8607-51a8938cba4b",36,3,3.07123287671233,-1.21548406612086,1,6,"3","subset",1,"small",NA,1,NA,1,"lion",3,1,"1-3",0,1,1,1,0,0,1
"34f1a759-5e50-43c2-8607-51a8938cba4b",36,3,3.07123287671233,-1.21548406612086,1,6,"3","subset",2,"large",NA,5,NA,5,"lion",5,7,"5-7",0,7,0,0,0,-2,0
"34f1a759-5e50-43c2-8607-51a8938cba4b",36,3,3.07123287671233,-1.21548406612086,1,6,"3","subset",3,"large",NA,NA,NA,NA,"bunny",6,7,"6-7",0,6,0,0,0,NA,0
"34f1a759-5e50-43c2-8607-51a8938cba4b",36,3,3.07123287671233,-1.21548406612086,1,6,"3","subset",4,"small",NA,2,NA,2,"bunny",2,3,"2-3",0,2,1,1,0,0,1
"34f1a759-5e50-43c2-8607-51a8938cba4b",36,3,3.07123287671233,-1.21548406612086,1,6,"3","subset",5,"small",NA,2,NA,2,"lion",1,2,"1-2",0,2,1,1,0,0,1
"34f1a759-5e50-43c2-8607-51a8938cba4b",36,3,3.07123287671233,-1.21548406612086,1,6,"3","subset",6,"large",NA,5,NA,5,"bunny",8,5,"5-8",0,8,0,0,0,-3,0
"315fc32c-df30-4a3f-bde6-37cebaa1cabf",57,4,4.75890410958904,0.697734752661432,6,11,"CP","CP",1,"large","lion",5,NA,5,"lion",8,5,"5-8",1,5,1,1,1,0,1
"315fc32c-df30-4a3f-bde6-37cebaa1cabf",57,4,4.75890410958904,0.697734752661432,6,11,"CP","CP",2,"small","lion",2,NA,2,"lion",1,2,"1-2",1,2,1,1,1,0,1
"315fc32c-df30-4a3f-bde6-37cebaa1cabf",57,4,4.75890410958904,0.697734752661432,6,11,"CP","CP",3,"small","bunny",3,NA,3,"bunny",3,1,"1-3",1,3,1,1,1,0,1
"315fc32c-df30-4a3f-bde6-37cebaa1cabf",57,4,4.75890410958904,0.697734752661432,6,11,"CP","CP",4,"large","bunny",6,NA,6,"bunny",6,7,"6-7",1,6,1,1,1,0,1
"315fc32c-df30-4a3f-bde6-37cebaa1cabf",57,4,4.75890410958904,0.697734752661432,6,11,"CP","CP",5,"small","lion",2,NA,2,"lion",3,2,"2-3",1,2,1,1,1,0,1
"315fc32c-df30-4a3f-bde6-37cebaa1cabf",57,4,4.75890410958904,0.697734752661432,6,11,"CP","CP",6,"large","bunny",7,NA,7,"bunny",7,5,"5-7",1,7,1,1,1,0,1
"8c20f94b-cdb8-4fe7-b2eb-cb4bc3c7d578",33,2,2.77808219178082,-1.54781265964311,2,3,"2","subset",1,"large",NA,3,NA,3,"lion",6,7,"6-7",0,7,0,0,0,-4,0
"8c20f94b-cdb8-4fe7-b2eb-cb4bc3c7d578",33,2,2.77808219178082,-1.54781265964311,2,3,"2","subset",2,"small",NA,3,NA,3,"bunny",1,2,"1-2",0,1,0,0,0,2,0
"8c20f94b-cdb8-4fe7-b2eb-cb4bc3c7d578",33,2,2.77808219178082,-1.54781265964311,2,3,"2","subset",3,"large",NA,5,NA,5,"bunny",7,5,"5-7",0,7,0,0,0,-2,0
"8c20f94b-cdb8-4fe7-b2eb-cb4bc3c7d578",33,2,2.77808219178082,-1.54781265964311,2,3,"2","subset",4,"small",NA,5,NA,5,"lion",3,1,"1-3",0,1,0,0,0,4,0
"8c20f94b-cdb8-4fe7-b2eb-cb4bc3c7d578",33,2,2.77808219178082,-1.54781265964311,2,3,"2","subset",5,"large",NA,5,NA,5,"bunny",5,8,"5-8",0,5,1,1,0,0,1
"8c20f94b-cdb8-4fe7-b2eb-cb4bc3c7d578",33,2,2.77808219178082,-1.54781265964311,2,3,"2","subset",6,"small",NA,5,NA,5,"lion",2,3,"2-3",0,3,0,0,0,2,0
"91600957-bdcb-452a-a19f-f593b5bce8f9",68,5,5.71232876712329,1.7785791502852,4,11,"CP","CP",1,"large",NA,9,NA,9,"bunny",5,8,"5-8",0,5,0,0,0,4,0
"91600957-bdcb-452a-a19f-f593b5bce8f9",68,5,5.71232876712329,1.7785791502852,4,11,"CP","CP",2,"large",NA,10,NA,10,"lion",6,7,"6-7",0,7,0,0,0,3,0
"91600957-bdcb-452a-a19f-f593b5bce8f9",68,5,5.71232876712329,1.7785791502852,4,11,"CP","CP",3,"small",NA,2,NA,2,"lion",1,2,"1-2",0,2,1,1,0,0,1
"91600957-bdcb-452a-a19f-f593b5bce8f9",68,5,5.71232876712329,1.7785791502852,4,11,"CP","CP",4,"large",NA,NA,NA,NA,"bunny",7,5,"5-7",0,7,0,0,0,NA,0
"91600957-bdcb-452a-a19f-f593b5bce8f9",68,5,5.71232876712329,1.7785791502852,4,11,"CP","CP",5,"small",NA,3,NA,3,"lion",3,2,"2-3",0,2,0,0,0,1,1
"91600957-bdcb-452a-a19f-f593b5bce8f9",68,5,5.71232876712329,1.7785791502852,4,11,"CP","CP",6,"small",NA,3,NA,3,"bunny",3,1,"1-3",0,3,1,1,0,0,1
"643a11d1-bba6-4002-8835-096b177b47a9",47,3,3.97260273972603,-0.19365128790759,4,12,"5","subset",1,"large","bunny",5,NA,5,"bunny",5,8,"5-8",1,5,1,1,1,0,1
"643a11d1-bba6-4002-8835-096b177b47a9",47,3,3.97260273972603,-0.19365128790759,4,12,"5","subset",2,"large","lion",8,NA,8,"lion",6,7,"6-7",1,7,0,1,0,1,1
"643a11d1-bba6-4002-8835-096b177b47a9",47,3,3.97260273972603,-0.19365128790759,4,12,"5","subset",3,"small","lion",2,NA,2,"lion",1,2,"1-2",1,2,1,1,1,0,1
"643a11d1-bba6-4002-8835-096b177b47a9",47,3,3.97260273972603,-0.19365128790759,4,12,"5","subset",4,"large","bunny",7,NA,7,"bunny",7,5,"5-7",1,7,1,1,1,0,1
"643a11d1-bba6-4002-8835-096b177b47a9",47,3,3.97260273972603,-0.19365128790759,4,12,"5","subset",5,"small","bunny",3,NA,3,"lion",3,2,"2-3",0,2,0,0,0,1,1
"643a11d1-bba6-4002-8835-096b177b47a9",47,3,3.97260273972603,-0.19365128790759,4,12,"5","subset",6,"small","bunny",3,NA,3,"bunny",3,1,"1-3",1,3,1,1,1,0,1
"81f2d7b5-5660-47a2-b716-50aff913aa54",38,3,3.21917808219178,-1.04776683200683,2,1,"1","subset",1,"large","lion",4,NA,4,"lion",6,7,"6-7",1,7,0,1,0,-3,0
"81f2d7b5-5660-47a2-b716-50aff913aa54",38,3,3.21917808219178,-1.04776683200683,2,1,"1","subset",2,"small","bunny",1,NA,1,"bunny",1,2,"1-2",1,1,1,1,1,0,1
"81f2d7b5-5660-47a2-b716-50aff913aa54",38,3,3.21917808219178,-1.04776683200683,2,1,"1","subset",3,"large","bunny",4,NA,4,"bunny",7,5,"5-7",1,7,0,1,0,-3,0
"81f2d7b5-5660-47a2-b716-50aff913aa54",38,3,3.21917808219178,-1.04776683200683,2,1,"1","subset",4,"small",NA,4,NA,4,"lion",3,1,"1-3",0,1,0,0,0,3,0
"81f2d7b5-5660-47a2-b716-50aff913aa54",38,3,3.21917808219178,-1.04776683200683,2,1,"1","subset",5,"large","bunny",5,NA,5,"bunny",5,8,"5-8",1,5,1,1,1,0,1
"81f2d7b5-5660-47a2-b716-50aff913aa54",38,3,3.21917808219178,-1.04776683200683,2,1,"1","subset",6,"small",NA,5,NA,5,"lion",2,3,"2-3",0,3,0,0,0,2,0
"eb3cd3dc-452f-4ae1-aa12-b16caa42bd08",37,3,3.11506849315069,-1.16579007082781,6,10,"2","subset",1,"large",NA,3,NA,3,"lion",8,5,"5-8",0,5,0,0,0,-2,0
"eb3cd3dc-452f-4ae1-aa12-b16caa42bd08",37,3,3.11506849315069,-1.16579007082781,6,10,"2","subset",2,"small",NA,3,NA,3,"lion",1,2,"1-2",0,2,0,0,0,1,1
"eb3cd3dc-452f-4ae1-aa12-b16caa42bd08",37,3,3.11506849315069,-1.16579007082781,6,10,"2","subset",3,"small",NA,3,NA,3,"bunny",3,1,"1-3",0,3,1,1,0,0,1
"eb3cd3dc-452f-4ae1-aa12-b16caa42bd08",37,3,3.11506849315069,-1.16579007082781,6,10,"2","subset",4,"large",NA,3,NA,3,"bunny",6,7,"6-7",0,6,0,0,0,-3,0
"eb3cd3dc-452f-4ae1-aa12-b16caa42bd08",37,3,3.11506849315069,-1.16579007082781,6,10,"2","subset",5,"small",NA,3,NA,3,"lion",3,2,"2-3",0,2,0,0,0,1,1
"eb3cd3dc-452f-4ae1-aa12-b16caa42bd08",37,3,3.11506849315069,-1.16579007082781,6,10,"2","subset",6,"large",NA,3,NA,3,"bunny",7,5,"5-7",0,7,0,0,0,-4,0
"bf4c08ab-3289-483d-9a40-ae40452e82de",48,4,4.06027397260274,-0.0942632973214967,5,13,"3","subset",1,"small",NA,3,NA,3,"lion",3,1,"1-3",0,1,0,0,0,2,0
"bf4c08ab-3289-483d-9a40-ae40452e82de",48,4,4.06027397260274,-0.0942632973214967,5,13,"3","subset",2,"small",NA,3,9,9,"lion",2,1,"1-2",0,1,0,0,0,8,0
"bf4c08ab-3289-483d-9a40-ae40452e82de",48,4,4.06027397260274,-0.0942632973214967,5,13,"3","subset",3,"large",NA,5,9,9,"bunny",7,6,"6-7",0,7,0,0,0,2,0
"bf4c08ab-3289-483d-9a40-ae40452e82de",48,4,4.06027397260274,-0.0942632973214967,5,13,"3","subset",4,"small",NA,NA,NA,NA,"lion",2,3,"2-3",0,3,0,0,0,NA,0
"bf4c08ab-3289-483d-9a40-ae40452e82de",48,4,4.06027397260274,-0.0942632973214967,5,13,"3","subset",5,"large","bunny",5,9,9,"bunny",5,8,"5-8",1,5,0,1,0,4,0
"bf4c08ab-3289-483d-9a40-ae40452e82de",48,4,4.06027397260274,-0.0942632973214967,5,13,"3","subset",6,"large",NA,5,9,9,"bunny",7,5,"5-7",0,7,0,0,0,2,0
